query,true_fish,cam,image_rank1,image_ap,identity_rank1,identity_ap,image_top1_fish,image_top1_score,image_top1_source,image_top2_fish,image_top2_score,image_top2_source,image_top3_fish,image_top3_score,image_top3_source,image_top4_fish,image_top4_score,image_top4_source,image_top5_fish,image_top5_score,image_top5_source,identity_top1_fish,identity_top1_score,identity_top1_source,identity_top2_fish,identity_top2_score,identity_top2_source,identity_top3_fish,identity_top3_score,identity_top3_source,identity_top4_fish,identity_top4_score,identity_top4_source,identity_top5_fish,identity_top5_score,identity_top5_source
0002_c1s1_0001.png,0002,c1,0.0,0.185246,0.0,0.200000,0023,0.534389,0023_c1s1_0005.png,0009,0.514934,0009_c1s1_0001.png,0011,0.500791,0011_c2s1_0006.png,0005,0.478634,0005_c2s1_0009.jpg,0002,0.466763,0002_c2s1_0009.jpg,0011,0.500791,0011,0009,0.491135,0009,0023,0.481754,0023,0022,0.418164,0022,0002,0.408503,0002
0002_c1s1_0002.png,0002,c1,0.0,0.138783,0.0,0.142857,0005,0.662518,0005_c2s1_0009.jpg,0011,0.640631,0011_c2s1_0006.png,0020,0.598193,0020_c2s1_0009.jpg,0009,0.594806,0009_c2s1_0008.jpg,0023,0.561477,0023_c1s1_0005.png,0011,0.640631,0011,0009,0.599081,0009,0020,0.567523,0020,0023,0.557919,0023,0005,0.513690,0005
0002_c1s1_0003.png,0002,c1,0.0,0.204943,0.0,0.250000,0011,0.389289,0011_c1s1_0001.png,0023,0.382701,0023_c1s1_0003.png,0012,0.365473,0012_c2s1_0007.png,0022,0.316153,0022_c2s1_0006.jpg,0002,0.237626,0002_c2s1_0007.png,0023,0.287375,0023,0022,0.237658,0022,0014,0.215066,0014,0002,0.196274,0002,0011,0.176366,0011
0002_c1s1_0004.png,0002,c1,0.0,0.287613,0.0,0.333333,0022,0.559448,0022_c1s1_0003.png,0002,0.542920,0002_c2s1_0007.png,0023,0.542443,0023_c1s1_0005.png,0014,0.541721,0014_c1s1_0002.png,0009,0.539384,0009_c1s1_0001.png,0022,0.562932,0022,0014,0.536261,0014,0002,0.517508,0002,0023,0.511846,0023,0012,0.486678,0012
0002_c1s1_0005.png,0002,c1,1.0,0.664989,0.0,0.250000,0002,0.655746,0002_c2s1_0009.jpg,0022,0.632346,0022_c1s1_0005.png,0014,0.626562,0014_c1s1_0002.png,0012,0.617117,0012_c1s1_0003.png,0009,0.609301,0009_c1s1_0002.png,0022,0.636757,0022,0014,0.621455,0014,0012,0.585953,0012,0002,0.584258,0002,0009,0.578491,0009
0002_c1s1_0006.png,0002,c1,0.0,0.271208,0.0,0.142857,0022,0.606992,0022_c2s1_0006.jpg,0023,0.562361,0023_c1s1_0005.png,0002,0.553125,0002_c2s1_0009.jpg,0009,0.545905,0009_c1s1_0002.png,0014,0.503484,0014_c1s1_0001.png,0022,0.546496,0022,0023,0.508950,0023,0009,0.501795,0009,0021,0.484171,0021,0014,0.477358,0014
0002_c1s1_0007.png,0002,c1,0.0,0.314803,0.0,0.166667,0022,0.630463,0022_c2s1_0006.jpg,0002,0.605369,0002_c2s1_0009.jpg,0009,0.598878,0009_c1s1_0002.png,0023,0.579751,0023_c1s1_0005.png,0014,0.571933,0014_c1s1_0001.png,0022,0.608302,0022,0014,0.562637,0014,0009,0.557306,0009,0023,0.555154,0023,0011,0.529722,0011
0002_c1s1_0008.png,0002,c1,0.0,0.225751,0.0,0.200000,0005,0.431575,0005_c2s1_0009.jpg,0023,0.423549,0023_c1s1_0003.png,0009,0.420591,0009_c1s1_0001.png,0002,0.417060,0002_c2s1_0007.png,0022,0.416388,0022_c1s1_0003.png,0022,0.406972,0022,0014,0.396100,0014,0023,0.390086,0023,0012,0.361899,0012,0002,0.361235,0002
0002_c1s1_0009.png,0002,c1,0.0,0.131033,0.0,0.125000,0023,0.571108,0023_c1s1_0003.png,0009,0.472335,0009_c1s1_0002.png,0011,0.433197,0011_c2s1_0006.png,0022,0.411484,0022_c2s1_0006.jpg,0012,0.376768,0012_c2s1_0006.png,0023,0.488322,0023,0011,0.433197,0011,0009,0.404429,0009,0022,0.340998,0022,0014,0.292747,0014
0002_c1s1_0010.png,0002,c1,0.0,0.189956,0.0,0.142857,0022,0.672799,0022_c2s1_0006.jpg,0009,0.659676,0009_c1s1_0002.png,0023,0.655152,0023_c1s1_0005.png,0002,0.627794,0002_c2s1_0010.jpg,0021,0.590016,0021_c2s1_0007.png,0022,0.635346,0022,0009,0.634139,0009,0023,0.613326,0023,0011,0.582507,0011,0021,0.569170,0021
0002_c1s1_0011.png,0002,c1,0.0,0.163086,0.0,0.166667,0023,0.331830,0023_c1s1_0002.png,0012,0.270636,0012_c1s1_0003.png,0009,0.207690,0009_c1s1_0001.png,0014,0.206006,0014_c1s1_0002.png,0022,0.189334,0022_c1s1_0003.png,0012,0.242345,0012,0023,0.236725,0023,0014,0.192936,0014,0022,0.148677,0022,0011,0.113355,0011
0002_c1s1_0013.png,0002,c1,0.0,0.195179,0.0,0.166667,0023,0.602992,0023_c1s1_0004.png,0022,0.552317,0022_c2s1_0006.jpg,0009,0.513344,0009_c1s1_0001.png,0014,0.501651,0014_c1s1_0001.png,0002,0.484566,0002_c2s1_0007.png,0023,0.566245,0023,0022,0.504948,0022,0014,0.473683,0014,0009,0.440003,0009,0011,0.432726,0011
0002_c1s1_0015.png,0002,c1,0.0,0.167862,0.0,0.200000,0023,0.339671,0023_c1s1_0002.png,0012,0.298231,0012_c2s1_0007.png,0014,0.223396,0014_c1s1_0001.png,0009,0.202398,0009_c1s1_0001.png,0022,0.198712,0022_c1s1_0005.png,0023,0.245702,0023,0012,0.224014,0012,0014,0.220185,0014,0022,0.193127,0022,0002,0.137265,0002
0002_c1s1_0019.png,0002,c1,0.0,0.202469,0.0,0.200000,0023,0.558657,0023_c1s1_0005.png,0014,0.539936,0014_c1s1_0002.png,0022,0.506744,0022_c2s1_0010.jpg,0009,0.505611,0009_c1s1_0002.png,0002,0.492456,0002_c2s1_0007.png,0014,0.534860,0014,0023,0.519990,0023,0022,0.512841,0022,0012,0.444688,0012,0002,0.438154,0002
0002_c2s1_0012.png,0002,c2,0.0,0.301913,0.0,0.166667,0022,0.672850,0022_c2s1_0009.jpg,0002,0.664584,0002_c2s1_0009.jpg,0009,0.660127,0009_c1s1_0002.png,0014,0.656379,0014_c1s1_0002.png,0023,0.639911,0023_c1s1_0005.png,0022,0.660621,0022,0014,0.648052,0014,0009,0.599632,0009,0023,0.594803,0023,0021,0.570667,0021
0002_c2s1_0014.png,0002,c2,0.0,0.158401,0.0,0.166667,0011,0.614278,0011_c2s1_0006.png,0009,0.589187,0009_c1s1_0002.png,0023,0.563505,0023_c1s1_0004.png,0022,0.558496,0022_c2s1_0008.jpg,0002,0.524927,0002_c2s1_0009.jpg,0011,0.614278,0011,0009,0.573027,0009,0023,0.553690,0023,0022,0.497604,0022,0014,0.468990,0014
0002_c2s1_0016.png,0002,c2,0.0,0.353940,0.0,0.200000,0022,0.647109,0022_c2s1_0008.jpg,0002,0.627571,0002_c2s1_0009.jpg,0014,0.577122,0014_c1s1_0001.png,0009,0.557586,0009_c1s1_0002.png,0021,0.538609,0021_c2s1_0007.png,0022,0.624105,0022,0014,0.568429,0014,0009,0.554117,0009,0021,0.530929,0021,0002,0.516883,0002
0002_c2s1_0017.png,0002,c2,0.0,0.245825,0.0,0.200000,0022,0.641877,0022_c2s1_0006.jpg,0014,0.578544,0014_c1s1_0001.png,0002,0.571405,0002_c2s1_0007.png,0023,0.569912,0023_c1s1_0005.png,0009,0.557679,0009_c1s1_0002.png,0022,0.620112,0022,0014,0.577908,0014,0023,0.546597,0023,0009,0.519407,0009,0002,0.499481,0002
0002_c2s1_0018.png,0002,c2,0.0,0.174995,0.0,0.166667,0023,0.659007,0023_c1s1_0005.png,0009,0.582887,0009_c1s1_0002.png,0022,0.527799,0022_c2s1_0006.jpg,0002,0.490670,0002_c2s1_0009.jpg,0011,0.474672,0011_c2s1_0006.png,0023,0.622980,0023,0009,0.501530,0009,0022,0.486300,0022,0011,0.474672,0011,0014,0.469489,0014
0003_c1s1_0001.png,0003,c1,0.0,0.058737,0.0,0.090909,0023,0.533832,0023_c1s1_0003.png,0011,0.513558,0011_c2s1_0006.png,0008,0.492638,0008_c1s1_0001.jpg,0013,0.446199,0013_c2s1_0009.jpg,0020,0.441816,0020_c2s1_0009.jpg,0011,0.513558,0011,0023,0.510596,0023,0009,0.406420,0009,0020,0.397514,0020,0013,0.365360,0013
0003_c1s1_0002.png,0003,c1,0.0,0.061928,0.0,0.083333,0017,0.662597,0017_c1s1_0001.png,0007,0.616338,0007_c2s1_0007.png,0008,0.612649,0008_c1s1_0005.jpg,0019,0.588029,0019_c1s1_0002.png,0024,0.574039,0024_c2s1_0007.png,0017,0.653883,0017,0007,0.614837,0007,0008,0.577331,0008,0019,0.531315,0019,0005,0.513641,0005
0003_c1s1_0003.png,0003,c1,0.0,0.062107,0.0,0.090909,0008,0.559960,0008_c1s1_0001.jpg,0020,0.529205,0020_c2s1_0009.jpg,0011,0.517689,0011_c2s1_0006.png,0013,0.482021,0013_c2s1_0009.jpg,0005,0.478110,0005_c2s1_0007.jpg,0011,0.517689,0011,0020,0.488836,0020,0008,0.450400,0008,0017,0.445209,0017,0023,0.443569,0023
0003_c1s1_0008.png,0003,c1,0.0,0.130735,0.0,0.250000,0008,0.570541,0008_c1s1_0001.jpg,0017,0.517326,0017_c2s1_0006.jpg,0003,0.483434,0003_c1s1_0003.png,0019,0.456835,0019_c2s1_0008.jpg,0007,0.448149,0007_c2s1_0007.png,0008,0.498732,0008,0017,0.480283,0017,0019,0.445521,0019,0003,0.422688,0003,0007,0.416440,0007
0003_c1s1_0009.png,0003,c1,0.0,0.051260,0.0,0.076923,0008,0.539118,0008_c1s1_0001.jpg,0005,0.533829,0005_c1s1_0002.png,0011,0.505586,0011_c1s1_0001.png,0023,0.490336,0023_c1s1_0001.png,0018,0.489591,0018_c1s1_0002.png,0008,0.498949,0008,0011,0.480117,0011,0018,0.473891,0018,0017,0.473810,0017,0005,0.466813,0005
0003_c1s1_0010.png,0003,c1,0.0,0.072199,0.0,0.111111,0017,0.698924,0017_c2s1_0006.jpg,0008,0.688263,0008_c2s1_0006.jpg,0007,0.629191,0007_c2s1_0007.png,0019,0.610869,0019_c1s1_0002.png,0024,0.598671,0024_c2s1_0007.png,0017,0.695311,0017,0007,0.631697,0007,0008,0.599845,0008,0019,0.589309,0019,0020,0.535963,0020
0003_c1s1_0017.png,0003,c1,0.0,0.125177,0.0,0.200000,0008,0.423709,0008_c1s1_0001.jpg,0013,0.419540,0013_c2s1_0009.jpg,0017,0.403108,0017_c2s1_0006.jpg,0023,0.392926,0023_c1s1_0001.png,0003,0.379468,0003_c1s1_0003.png,0017,0.377095,0017,0013,0.365431,0013,0008,0.336212,0008,0019,0.319373,0019,0003,0.318915,0003
0003_c1s1_0018.png,0003,c1,0.0,0.122954,0.0,0.166667,0008,0.554763,0008_c1s1_0001.jpg,0013,0.519354,0013_c2s1_0009.jpg,0020,0.506108,0020_c2s1_0009.jpg,0017,0.503249,0017_c2s1_0006.jpg,0003,0.487944,0003_c1s1_0003.png,0020,0.483432,0020,0017,0.476252,0017,0008,0.473011,0008,0013,0.467494,0013,0019,0.458293,0019
0003_c1s1_0021.png,0003,c1,0.0,0.057640,0.0,0.083333,0024,0.522667,0024_c2s1_0007.png,0017,0.504991,0017_c1s1_0001.png,0008,0.490229,0008_c2s1_0006.jpg,0005,0.484489,0005_c1s1_0005.png,0007,0.478731,0007_c2s1_0007.png,0017,0.493481,0017,0008,0.475716,0008,0007,0.463175,0007,0018,0.458671,0018,0005,0.420969,0005
0003_c1s1_0022.png,0003,c1,0.0,0.051704,0.0,0.083333,0023,0.527069,0023_c1s1_0001.png,0008,0.476688,0008_c1s1_0001.jpg,0018,0.423838,0018_c1s1_0002.png,0011,0.418481,0011_c1s1_0001.png,0020,0.417471,0020_c2s1_0009.jpg,0023,0.441352,0023,0011,0.410047,0011,0008,0.404088,0008,0020,0.377194,0020,0018,0.367348,0018
0003_c1s1_0027.png,0003,c1,0.0,0.097460,0.0,0.166667,0008,0.568203,0008_c1s1_0001.jpg,0013,0.476958,0013_c2s1_0009.jpg,0017,0.473236,0017_c2s1_0006.jpg,0007,0.447831,0007_c2s1_0007.png,0003,0.446821,0003_c1s1_0003.png,0008,0.507812,0008,0017,0.445792,0017,0013,0.423010,0013,0019,0.416275,0019,0007,0.410567,0007
0003_c1s1_0028.png,0003,c1,0.0,0.058681,0.0,0.076923,0008,0.560160,0008_c2s1_0006.jpg,0020,0.559360,0020_c2s1_0009.jpg,0024,0.554955,0024_c2s1_0007.png,0005,0.520183,0005_c2s1_0007.jpg,0011,0.514641,0011_c2s1_0006.png,0020,0.546714,0020,0011,0.514641,0011,0018,0.508964,0018,0017,0.490403,0017,0008,0.465442,0008
0003_c1s1_0029.png,0003,c1,0.0,0.060627,0.0,0.090909,0023,0.455637,0023_c1s1_0001.png,0008,0.446917,0008_c1s1_0001.jpg,0011,0.395272,0011_c2s1_0006.png,0013,0.352646,0013_c2s1_0009.jpg,0020,0.328566,0020_c2s1_0009.jpg,0011,0.395272,0011,0023,0.357531,0023,0008,0.335753,0008,0017,0.297203,0017,0007,0.273723,0007
0003_c1s1_0034.png,0003,c1,0.0,0.048997,0.0,0.076923,0023,0.476873,0023_c1s1_0001.png,0008,0.397061,0008_c1s1_0001.jpg,0011,0.379470,0011_c1s1_0001.png,0018,0.366977,0018_c1s1_0001.png,0005,0.353826,0005_c1s1_0002.png,0023,0.399160,0023,0011,0.356015,0011,0018,0.338085,0018,0008,0.329720,0008,0020,0.289132,0020
0003_c1s1_0035.png,0003,c1,0.0,0.089441,0.0,0.166667,0008,0.540278,0008_c1s1_0001.jpg,0017,0.520130,0017_c2s1_0006.jpg,0007,0.481237,0007_c2s1_0007.png,0013,0.449703,0013_c2s1_0006.jpg,0003,0.424923,0003_c1s1_0003.png,0017,0.478012,0017,0008,0.473849,0008,0007,0.435349,0007,0019,0.419867,0019,0013,0.399713,0013
0003_c1s1_0039.png,0003,c1,0.0,0.061455,0.0,0.090909,0017,0.450423,0017_c1s1_0001.png,0024,0.450258,0024_c2s1_0007.png,0008,0.445973,0008_c2s1_0006.jpg,0018,0.435080,0018_c1s1_0001.png,0020,0.431087,0020_c2s1_0010.jpg,0017,0.450685,0017,0018,0.428773,0018,0008,0.397669,0008,0020,0.388733,0020,0007,0.383696,0007
0003_c1s1_0040.png,0003,c1,0.0,0.065653,0.0,0.111111,0023,0.437119,0023_c1s1_0001.png,0008,0.408178,0008_c1s1_0001.jpg,0018,0.361134,0018_c1s1_0001.png,0017,0.330209,0017_c1s1_0001.png,0007,0.321220,0007_c2s1_0007.png,0023,0.349901,0023,0008,0.346568,0008,0018,0.326306,0018,0017,0.309348,0017,0007,0.281448,0007
0003_c2s1_0004.png,0003,c2,0.0,0.044313,0.0,0.062500,0023,0.591296,0023_c1s1_0003.png,0011,0.490609,0011_c2s1_0006.png,0009,0.436087,0009_c1s1_0002.png,0005,0.425445,0005_c2s1_0011.jpg,0018,0.409932,0018_c1s1_0002.png,0023,0.561081,0023,0011,0.490609,0011,0009,0.388921,0009,0020,0.354439,0020,0018,0.306809,0018
0003_c2s1_0005.png,0003,c2,0.0,0.056763,0.0,0.090909,0023,0.599170,0023_c1s1_0001.png,0011,0.520845,0011_c2s1_0006.png,0005,0.479478,0005_c2s1_0011.jpg,0013,0.479292,0013_c2s1_0009.jpg,0012,0.477476,0012_c2s1_0006.png,0023,0.551544,0023,0011,0.520845,0011,0009,0.398921,0009,0013,0.390039,0013,0018,0.366652,0018
0003_c2s1_0006.png,0003,c2,0.0,0.041625,0.0,0.058824,0011,0.625946,0011_c2s1_0006.png,0023,0.617180,0023_c2s1_0009.png,0005,0.570105,0005_c1s1_0002.png,0009,0.569893,0009_c1s1_0002.png,0018,0.517491,0018_c1s1_0002.png,0011,0.625946,0011,0023,0.621071,0023,0009,0.549962,0009,0020,0.446570,0020,0014,0.405569,0014
0003_c2s1_0007.png,0003,c2,0.0,0.142163,0.0,0.200000,0008,0.562088,0008_c1s1_0001.jpg,0013,0.500424,0013_c2s1_0009.jpg,0017,0.485613,0017_c2s1_0006.jpg,0003,0.476925,0003_c1s1_0003.png,0019,0.444203,0019_c2s1_0008.jpg,0008,0.506374,0008,0013,0.448451,0013,0019,0.441310,0019,0017,0.436976,0017,0003,0.426010,0003
0003_c2s1_0012.png,0003,c2,0.0,0.079541,0.0,0.100000,0008,0.502502,0008_c1s1_0001.jpg,0013,0.468016,0013_c2s1_0009.jpg,0020,0.438564,0020_c2s1_0009.jpg,0011,0.431241,0011_c2s1_0006.png,0017,0.427776,0017_c2s1_0006.jpg,0011,0.431242,0011,0020,0.406706,0020,0013,0.402500,0013,0008,0.398689,0008,0023,0.394864,0023
0003_c2s1_0013.png,0003,c2,0.0,0.057644,0.0,0.090909,0023,0.554347,0023_c1s1_0001.png,0008,0.544721,0008_c1s1_0001.jpg,0011,0.538324,0011_c1s1_0001.png,0020,0.504493,0020_c2s1_0009.jpg,0018,0.479062,0018_c1s1_0002.png,0011,0.536578,0011,0023,0.507333,0023,0020,0.452469,0020,0008,0.439641,0008,0009,0.422896,0009
0003_c2s1_0014.png,0003,c2,0.0,0.051815,0.0,0.076923,0011,0.552144,0011_c2s1_0006.png,0020,0.545823,0020_c2s1_0009.jpg,0008,0.543384,0008_c2s1_0006.jpg,0005,0.539876,0005_c2s1_0007.jpg,0013,0.491380,0013_c2s1_0009.jpg,0011,0.552144,0011,0020,0.522069,0020,0023,0.484412,0023,0009,0.463979,0009,0018,0.457055,0018
0003_c2s1_0015.png,0003,c2,0.0,0.071533,0.0,0.111111,0008,0.600521,0008_c1s1_0001.jpg,0024,0.571092,0024_c2s1_0007.png,0017,0.564004,0017_c2s1_0006.jpg,0020,0.540476,0020_c2s1_0010.jpg,0011,0.537404,0011_c2s1_0006.png,0017,0.544276,0017,0011,0.537404,0011,0018,0.529658,0018,0008,0.512840,0008,0020,0.511953,0020
0003_c2s1_0016.png,0003,c2,0.0,0.070665,0.0,0.111111,0008,0.546065,0008_c2s1_0006.jpg,0017,0.535424,0017_c2s1_0006.jpg,0020,0.509918,0020_c2s1_0010.jpg,0013,0.485980,0013_c2s1_0008.jpg,0024,0.472693,0024_c2s1_0007.png,0017,0.503176,0017,0019,0.452348,0019,0008,0.440710,0008,0013,0.435381,0013,0020,0.434131,0020
0003_c2s1_0019.png,0003,c2,0.0,0.041147,0.0,0.052632,0011,0.565791,0011_c1s1_0001.png,0023,0.563018,0023_c1s1_0003.png,0012,0.479948,0012_c2s1_0006.png,0005,0.418553,0005_c2s1_0011.jpg,0018,0.402466,0018_c1s1_0002.png,0023,0.525948,0023,0011,0.431313,0011,0009,0.321485,0009,0020,0.272306,0020,0008,0.269450,0008
0003_c2s1_0020.png,0003,c2,0.0,0.076559,0.0,0.125000,0011,0.550774,0011_c2s1_0006.png,0008,0.534238,0008_c1s1_0001.jpg,0005,0.530454,0005_c1s1_0002.png,0023,0.521403,0023_c2s1_0009.png,0009,0.511471,0009_c1s1_0002.png,0011,0.550774,0011,0023,0.523273,0023,0009,0.500574,0009,0020,0.445700,0020,0019,0.441349,0019
0003_c2s1_0023.png,0003,c2,0.0,0.050943,0.0,0.083333,0023,0.469271,0023_c1s1_0003.png,0011,0.430141,0011_c2s1_0006.png,0005,0.419486,0005_c2s1_0011.jpg,0013,0.418994,0013_c2s1_0009.jpg,0008,0.412472,0008_c1s1_0001.jpg,0023,0.462626,0023,0011,0.430141,0011,0009,0.354091,0009,0013,0.336208,0013,0020,0.333899,0020
0003_c2s1_0024.png,0003,c2,0.0,0.086262,0.0,0.125000,0008,0.573227,0008_c1s1_0001.jpg,0017,0.547442,0017_c2s1_0006.jpg,0013,0.515478,0013_c2s1_0009.jpg,0019,0.488884,0019_c2s1_0008.jpg,0003,0.482292,0003_c1s1_0003.png,0017,0.494041,0017,0008,0.493502,0008,0019,0.489697,0019,0011,0.475686,0011,0013,0.460899,0013
0003_c2s1_0025.png,0003,c2,0.0,0.065486,0.0,0.100000,0011,0.569565,0011_c2s1_0006.png,0008,0.561029,0008_c1s1_0001.jpg,0023,0.530491,0023_c1s1_0004.png,0020,0.486400,0020_c2s1_0009.jpg,0013,0.482919,0013_c2s1_0009.jpg,0011,0.569565,0011,0023,0.520483,0023,0009,0.472417,0009,0020,0.445272,0020,0019,0.435837,0019
0003_c2s1_0026.png,0003,c2,0.0,0.051008,0.0,0.083333,0008,0.545382,0008_c1s1_0001.jpg,0023,0.504844,0023_c1s1_0001.png,0013,0.486173,0013_c2s1_0009.jpg,0005,0.477039,0005_c2s1_0011.jpg,0011,0.472403,0011_c2s1_0007.png,0011,0.469327,0011,0008,0.454706,0008,0023,0.440820,0023,0018,0.414326,0018,0020,0.404760,0020
0003_c2s1_0030.png,0003,c2,0.0,0.057143,0.0,0.090909,0023,0.548587,0023_c1s1_0003.png,0011,0.420565,0011_c2s1_0006.png,0012,0.392065,0012_c2s1_0007.png,0005,0.372851,0005_c2s1_0011.jpg,0008,0.366613,0008_c1s1_0001.jpg,0023,0.492922,0023,0011,0.420565,0011,0009,0.303651,0009,0020,0.301184,0020,0018,0.265696,0018
0003_c2s1_0031.png,0003,c2,0.0,0.046813,0.0,0.071429,0023,0.491752,0023_c1s1_0001.png,0011,0.425272,0011_c1s1_0001.png,0012,0.424862,0012_c2s1_0006.png,0008,0.325930,0008_c1s1_0001.jpg,0013,0.308363,0013_c2s1_0009.jpg,0023,0.379916,0023,0008,0.277664,0008,0013,0.217064,0013,0011,0.200536,0011,0018,0.186835,0018
0003_c2s1_0032.png,0003,c2,0.0,0.076696,0.0,0.100000,0023,0.416286,0023_c1s1_0001.png,0008,0.413103,0008_c1s1_0001.jpg,0020,0.389406,0020_c2s1_0010.jpg,0013,0.371539,0013_c2s1_0009.jpg,0017,0.349279,0017_c2s1_0006.jpg,0017,0.339472,0017,0008,0.336169,0008,0020,0.315962,0020,0018,0.312557,0018,0023,0.309469,0023
0003_c2s1_0033.png,0003,c2,0.0,0.054423,0.0,0.090909,0011,0.520112,0011_c2s1_0006.png,0023,0.480740,0023_c1s1_0003.png,0008,0.443650,0008_c1s1_0001.jpg,0005,0.416600,0005_c2s1_0011.jpg,0020,0.411197,0020_c2s1_0009.jpg,0011,0.520112,0011,0023,0.442012,0023,0009,0.382561,0009,0020,0.352671,0020,0018,0.289645,0018
0003_c2s1_0037.png,0003,c2,0.0,0.070232,0.0,0.100000,0008,0.581764,0008_c1s1_0001.jpg,0017,0.573156,0017_c2s1_0006.jpg,0013,0.535840,0013_c2s1_0008.jpg,0019,0.511153,0019_c1s1_0002.png,0007,0.510647,0007_c2s1_0007.png,0017,0.553878,0017,0008,0.535631,0008,0007,0.503380,0007,0013,0.503146,0013,0019,0.475444,0019
0003_c2s1_0038.png,0003,c2,0.0,0.064524,0.0,0.090909,0008,0.562386,0008_c1s1_0001.jpg,0011,0.557213,0011_c2s1_0006.png,0020,0.555807,0020_c2s1_0009.jpg,0013,0.553957,0013_c2s1_0009.jpg,0017,0.515071,0017_c2s1_0006.jpg,0011,0.557213,0011,0020,0.505051,0020,0013,0.491390,0013,0017,0.466540,0017,0023,0.464904,0023
0004_c1s1_0001.png,0004,c1,0.0,0.058346,0.0,0.071429,0012,0.433764,0012_c2s1_0007.png,0023,0.430946,0023_c1s1_0001.png,0018,0.378509,0018_c1s1_0001.png,0011,0.355902,0011_c1s1_0001.png,0024,0.283496,0024_c2s1_0006.png,0018,0.308612,0018,0023,0.278000,0023,0008,0.210640,0008,0005,0.190911,0005,0011,0.178125,0011
0004_c1s1_0003.png,0004,c1,0.0,0.037189,0.0,0.045455,0023,0.321809,0023_c1s1_0001.png,0012,0.286757,0012_c2s1_0007.png,0008,0.199416,0008_c1s1_0001.jpg,0018,0.161583,0018_c1s1_0001.png,0011,0.121724,0011_c2s1_0006.png,0023,0.184748,0023,0011,0.121724,0011,0008,0.089169,0008,0018,0.075786,0018,0012,-0.004752,0012
0004_c1s1_0004.png,0004,c1,0.0,0.040364,0.0,0.050000,0023,0.547550,0023_c1s1_0001.png,0009,0.346791,0009_c1s1_0002.png,0012,0.344074,0012_c2s1_0006.png,0011,0.338903,0011_c1s1_0001.png,0018,0.296058,0018_c1s1_0001.png,0023,0.437676,0023,0011,0.328288,0011,0009,0.237603,0009,0018,0.209883,0018,0020,0.201997,0020
0004_c1s1_0006.png,0004,c1,0.0,0.039445,0.0,0.058824,0011,0.413281,0011_c1s1_0001.png,0023,0.411843,0023_c1s1_0001.png,0008,0.377346,0008_c1s1_0001.jpg,0012,0.333050,0012_c2s1_0006.png,0018,0.281467,0018_c1s1_0002.png,0011,0.312209,0011,0008,0.284600,0008,0023,0.280636,0023,0018,0.218929,0018,0017,0.203968,0017
0004_c1s1_0009.png,0004,c1,0.0,0.051426,0.0,0.076923,0023,0.641375,0023_c1s1_0003.png,0011,0.468253,0011_c1s1_0001.png,0009,0.450664,0009_c1s1_0002.png,0012,0.447987,0012_c2s1_0006.png,0018,0.407584,0018_c1s1_0002.png,0023,0.553585,0023,0011,0.453609,0011,0009,0.367348,0009,0020,0.264680,0020,0018,0.233551,0018
0004_c1s1_0010.png,0004,c1,0.0,0.036838,0.0,0.047619,0023,0.400878,0023_c1s1_0002.png,0012,0.352970,0012_c2s1_0007.png,0008,0.200782,0008_c1s1_0001.jpg,0018,0.196144,0018_c1s1_0002.png,0009,0.193260,0009_c1s1_0002.png,0023,0.314106,0023,0011,0.182362,0011,0012,0.145623,0012,0009,0.129744,0009,0008,0.085129,0008
0004_c1s1_0012.png,0004,c1,0.0,0.047715,0.0,0.062500,0023,0.545057,0023_c1s1_0003.png,0012,0.382089,0012_c2s1_0006.png,0011,0.290326,0011_c1s1_0001.png,0009,0.244317,0009_c1s1_0001.png,0018,0.215528,0018_c1s1_0002.png,0023,0.402989,0023,0011,0.170835,0011,0009,0.090004,0009,0018,0.069928,0018,0014,0.006064,0014
0004_c1s1_0015.png,0004,c1,0.0,0.045591,0.0,0.055556,0008,0.476147,0008_c1s1_0001.jpg,0011,0.400760,0011_c2s1_0006.png,0017,0.395629,0017_c1s1_0001.png,0023,0.385372,0023_c1s1_0001.png,0013,0.365424,0013_c2s1_0009.jpg,0011,0.400760,0011,0008,0.393083,0008,0017,0.376105,0017,0007,0.332322,0007,0018,0.313694,0018
0004_c1s1_0017.png,0004,c1,0.0,0.046280,0.0,0.066667,0023,0.627880,0023_c1s1_0003.png,0012,0.485495,0012_c2s1_0006.png,0009,0.370189,0009_c1s1_0002.png,0011,0.346434,0011_c1s1_0001.png,0018,0.327724,0018_c1s1_0002.png,0023,0.549608,0023,0011,0.287118,0011,0009,0.239759,0009,0014,0.225931,0014,0022,0.196099,0022
0004_c1s1_0019.png,0004,c1,0.0,0.040177,0.0,0.050000,0023,0.542586,0023_c1s1_0001.png,0012,0.400490,0012_c2s1_0007.png,0011,0.362299,0011_c2s1_0006.png,0018,0.360582,0018_c1s1_0002.png,0009,0.359901,0009_c1s1_0001.png,0023,0.460679,0023,0011,0.362299,0011,0018,0.300305,0018,0009,0.279790,0009,0020,0.244380,0020
0004_c1s1_0020.png,0004,c1,0.0,0.036969,0.0,0.047619,0023,0.373322,0023_c1s1_0002.png,0012,0.303390,0012_c2s1_0007.png,0008,0.183080,0008_c1s1_0001.jpg,0009,0.171460,0009_c1s1_0001.png,0011,0.171304,0011_c2s1_0006.png,0023,0.279753,0023,0011,0.171304,0011,0009,0.084074,0009,0008,0.057545,0008,0012,0.052179,0012
0004_c1s1_0024.png,0004,c1,0.0,0.036705,0.0,0.045455,0011,0.400259,0011_c1s1_0001.png,0024,0.355088,0024_c2s1_0007.png,0018,0.352226,0018_c1s1_0001.png,0012,0.351652,0012_c2s1_0006.png,0008,0.350653,0008_c1s1_0001.jpg,0018,0.340976,0018,0008,0.333778,0008,0017,0.275947,0017,0007,0.273835,0007,0023,0.259560,0023
0004_c1s1_0025.png,0004,c1,0.0,0.041692,0.0,0.052632,0023,0.417881,0023_c1s1_0001.png,0011,0.396739,0011_c1s1_0001.png,0012,0.381702,0012_c2s1_0007.png,0008,0.288519,0008_c1s1_0001.jpg,0018,0.250582,0018_c1s1_0001.png,0023,0.270654,0023,0011,0.243813,0011,0008,0.202119,0008,0018,0.179232,0018,0020,0.102717,0020
0004_c1s1_0026.png,0004,c1,0.0,0.041070,0.0,0.052632,0005,0.500792,0005_c1s1_0005.png,0024,0.452633,0024_c2s1_0007.png,0008,0.430701,0008_c1s1_0001.jpg,0020,0.420924,0020_c2s1_0009.jpg,0018,0.420581,0018_c1s1_0001.png,0005,0.443686,0005,0018,0.424830,0018,0020,0.424069,0020,0008,0.390960,0008,0023,0.388951,0023
0004_c1s1_0027.png,0004,c1,0.0,0.043147,0.0,0.055556,0011,0.565264,0011_c1s1_0001.png,0012,0.537143,0012_c2s1_0007.png,0023,0.533623,0023_c1s1_0001.png,0018,0.408781,0018_c1s1_0002.png,0024,0.355820,0024_c2s1_0006.png,0023,0.463767,0023,0011,0.318948,0011,0018,0.269694,0018,0020,0.208218,0020,0009,0.166000,0009
0004_c1s1_0030.png,0004,c1,0.0,0.040097,0.0,0.052632,0023,0.463025,0023_c1s1_0001.png,0012,0.357477,0012_c2s1_0007.png,0011,0.302314,0011_c1s1_0001.png,0008,0.272249,0008_c1s1_0001.jpg,0018,0.237121,0018_c1s1_0002.png,0023,0.302537,0023,0011,0.190167,0011,0008,0.148825,0008,0018,0.141497,0018,0009,0.063517,0009
0004_c2s1_0002.png,0004,c2,0.0,0.040948,0.0,0.052632,0023,0.454574,0023_c1s1_0001.png,0011,0.442093,0011_c1s1_0001.png,0012,0.430090,0012_c2s1_0007.png,0018,0.367464,0018_c1s1_0002.png,0008,0.359017,0008_c1s1_0001.jpg,0023,0.392305,0023,0011,0.351634,0011,0018,0.321248,0018,0008,0.298721,0008,0020,0.239090,0020
0004_c2s1_0005.png,0004,c2,0.0,0.043545,0.0,0.058824,0023,0.379017,0023_c1s1_0003.png,0012,0.324516,0012_c2s1_0007.png,0011,0.234556,0011_c2s1_0006.png,0008,0.173495,0008_c1s1_0001.jpg,0009,0.171695,0009_c1s1_0001.png,0023,0.290077,0023,0011,0.234556,0011,0009,0.102693,0009,0008,0.019098,0008,0022,0.015120,0022
0004_c2s1_0007.png,0004,c2,0.0,0.050315,0.0,0.071429,0023,0.520027,0023_c1s1_0003.png,0012,0.334011,0012_c2s1_0006.png,0009,0.328591,0009_c1s1_0001.png,0011,0.299987,0011_c2s1_0006.png,0008,0.262686,0008_c1s1_0001.jpg,0023,0.406391,0023,0011,0.299987,0011,0009,0.219168,0009,0014,0.088056,0014,0008,0.085077,0008
0004_c2s1_0008.png,0004,c2,0.0,0.040772,0.0,0.055556,0023,0.419804,0023_c1s1_0002.png,0012,0.361005,0012_c2s1_0007.png,0008,0.234626,0008_c1s1_0001.jpg,0011,0.213185,0011_c1s1_0001.png,0018,0.139114,0018_c1s1_0002.png,0023,0.257854,0023,0011,0.136460,0011,0008,0.113921,0008,0018,0.034151,0018,0013,-0.018318,0013
0004_c2s1_0011.png,0004,c2,0.0,0.056010,0.0,0.076923,0023,0.545043,0023_c1s1_0003.png,0012,0.407373,0012_c2s1_0007.png,0011,0.370518,0011_c1s1_0001.png,0008,0.327936,0008_c1s1_0001.jpg,0018,0.294098,0018_c1s1_0002.png,0023,0.411175,0023,0011,0.336657,0011,0009,0.205705,0009,0008,0.164538,0008,0018,0.128398,0018
0004_c2s1_0013.png,0004,c2,0.0,0.036903,0.0,0.047619,0012,0.570984,0012_c2s1_0006.png,0023,0.558478,0023_c1s1_0003.png,0011,0.519941,0011_c1s1_0001.png,0018,0.407033,0018_c1s1_0002.png,0024,0.389135,0024_c2s1_0006.png,0023,0.542855,0023,0011,0.425208,0011,0009,0.292875,0009,0018,0.274991,0018,0014,0.218195,0014
0004_c2s1_0014.png,0004,c2,0.0,0.039778,0.0,0.055556,0023,0.455780,0023_c1s1_0003.png,0012,0.349227,0012_c2s1_0007.png,0011,0.303524,0011_c2s1_0006.png,0009,0.281993,0009_c1s1_0002.png,0008,0.229070,0008_c1s1_0001.jpg,0023,0.382673,0023,0011,0.303524,0011,0009,0.212323,0009,0014,0.122207,0014,0022,0.104161,0022
0004_c2s1_0016.png,0004,c2,0.0,0.043611,0.0,0.058824,0023,0.476618,0023_c1s1_0003.png,0012,0.368905,0012_c2s1_0006.png,0011,0.268885,0011_c1s1_0001.png,0009,0.233896,0009_c1s1_0001.png,0008,0.208569,0008_c1s1_0001.jpg,0023,0.368358,0023,0011,0.262976,0011,0009,0.144271,0009,0022,0.070323,0022,0014,0.068899,0014
0004_c2s1_0018.png,0004,c2,0.0,0.039780,0.0,0.050000,0023,0.428511,0023_c1s1_0001.png,0012,0.360802,0012_c2s1_0007.png,0008,0.297784,0008_c1s1_0001.jpg,0011,0.268968,0011_c1s1_0001.png,0018,0.229855,0018_c1s1_0002.png,0023,0.294761,0023,0011,0.247931,0011,0008,0.180501,0008,0018,0.168132,0018,0009,0.086552,0009
0004_c2s1_0021.png,0004,c2,0.0,0.061006,0.0,0.083333,0023,0.406277,0023_c1s1_0001.png,0008,0.334459,0008_c1s1_0001.jpg,0012,0.303897,0012_c2s1_0007.png,0011,0.253575,0011_c1s1_0001.png,0013,0.221058,0013_c2s1_0009.jpg,0011,0.221562,0011,0023,0.205675,0023,0008,0.194867,0008,0013,0.130540,0013,0017,0.118407,0017
0004_c2s1_0022.png,0004,c2,0.0,0.050177,0.0,0.062500,0008,0.520242,0008_c1s1_0001.jpg,0023,0.464502,0023_c1s1_0001.png,0017,0.460144,0017_c2s1_0006.jpg,0011,0.450301,0011_c2s1_0006.png,0013,0.449014,0013_c2s1_0009.jpg,0011,0.450301,0011,0008,0.427827,0008,0017,0.421687,0017,0018,0.418919,0018,0023,0.405255,0023
0004_c2s1_0023.png,0004,c2,0.0,0.048636,0.0,0.062500,0011,0.555972,0011_c2s1_0007.png,0023,0.525224,0023_c1s1_0001.png,0008,0.525193,0008_c1s1_0001.jpg,0018,0.514602,0018_c1s1_0002.png,0005,0.504843,0005_c2s1_0007.jpg,0011,0.539754,0011,0023,0.496488,0023,0018,0.487392,0018,0008,0.426756,0008,0017,0.402022,0017
0004_c2s1_0028.png,0004,c2,0.0,0.055798,0.0,0.071429,0011,0.643261,0011_c1s1_0001.png,0023,0.596778,0023_c1s1_0001.png,0012,0.554265,0012_c2s1_0006.png,0005,0.487828,0005_c2s1_0011.jpg,0018,0.479330,0018_c1s1_0002.png,0023,0.536060,0023,0011,0.503675,0011,0009,0.351555,0009,0018,0.334008,0018,0008,0.333153,0008
0004_c2s1_0029.png,0004,c2,0.0,0.041164,0.0,0.052632,0011,0.571688,0011_c2s1_0007.png,0023,0.528208,0023_c1s1_0001.png,0008,0.496840,0008_c1s1_0001.jpg,0005,0.488088,0005_c2s1_0011.jpg,0012,0.484284,0012_c2s1_0006.png,0011,0.560645,0011,0023,0.513307,0023,0018,0.424539,0018,0009,0.395214,0009,0008,0.387696,0008
0005_c1s1_0001.png,0005,c1,0.0,0.075031,0.0,0.071429,0011,0.454960,0011_c1s1_0001.png,0023,0.441196,0023_c1s1_0001.png,0008,0.425629,0008_c1s1_0001.jpg,0020,0.380081,0020_c2s1_0009.jpg,0018,0.353675,0018_c1s1_0002.png,0011,0.440199,0011,0008,0.322295,0008,0023,0.319032,0023,0020,0.305988,0020,0017,0.285964,0017
0005_c1s1_0003.png,0005,c1,0.0,0.079569,0.0,0.047619,0011,0.471880,0011_c1s1_0001.png,0023,0.396599,0023_c1s1_0001.png,0012,0.396096,0012_c2s1_0006.png,0022,0.272073,0022_c2s1_0006.jpg,0008,0.241906,0008_c1s1_0001.jpg,0023,0.299413,0023,0011,0.259970,0011,0009,0.141545,0009,0008,0.140069,0008,0022,0.137900,0022
0005_c1s1_0004.png,0005,c1,0.0,0.096295,0.0,0.066667,0012,0.435383,0012_c2s1_0007.png,0023,0.424734,0023_c1s1_0002.png,0011,0.335793,0011_c1s1_0001.png,0018,0.184690,0018_c1s1_0002.png,0008,0.156607,0008_c1s1_0001.jpg,0023,0.240140,0023,0008,0.092888,0008,0011,0.090540,0011,0018,0.059536,0018,0012,-0.009436,0012
0005_c1s1_0005.png,0005,c1,1.0,0.331553,0.0,0.090909,0005,0.577497,0005_c2s1_0007.jpg,0009,0.567693,0009_c2s1_0008.jpg,0011,0.565836,0011_c2s1_0006.png,0023,0.534749,0023_c1s1_0005.png,0024,0.525116,0024_c2s1_0006.png,0011,0.565836,0011,0009,0.553769,0009,0023,0.516158,0023,0020,0.500878,0020,0024,0.485843,0024
0005_c1s1_0006.png,0005,c1,0.0,0.086258,0.0,0.052632,0011,0.427562,0011_c1s1_0001.png,0023,0.365917,0023_c1s1_0003.png,0012,0.364346,0012_c2s1_0006.png,0022,0.235143,0022_c2s1_0006.jpg,0008,0.160482,0008_c1s1_0001.jpg,0023,0.261363,0023,0011,0.210620,0011,0022,0.108045,0022,0009,0.086438,0009,0008,0.065013,0008
0005_c1s1_0007.png,0005,c1,0.0,0.163130,0.0,0.100000,0011,0.607425,0011_c2s1_0006.png,0008,0.592223,0008_c1s1_0001.jpg,0005,0.566905,0005_c2s1_0007.jpg,0018,0.556118,0018_c1s1_0002.png,0020,0.544683,0020_c2s1_0009.jpg,0011,0.607425,0011,0009,0.531364,0009,0020,0.524641,0020,0018,0.512784,0018,0023,0.494381,0023
0005_c1s1_0008.png,0005,c1,0.0,0.112355,0.0,0.066667,0011,0.398933,0011_c1s1_0001.png,0012,0.360707,0012_c2s1_0007.png,0023,0.287326,0023_c1s1_0001.png,0018,0.142304,0018_c1s1_0002.png,0008,0.121278,0008_c1s1_0001.jpg,0011,0.123346,0011,0023,0.118687,0023,0008,0.065168,0008,0022,-0.009981,0022,0018,-0.010017,0018
0005_c1s1_0009.png,0005,c1,0.0,0.106226,0.0,0.090909,0011,0.502040,0011_c1s1_0001.png,0023,0.479442,0023_c1s1_0001.png,0018,0.424060,0018_c1s1_0001.png,0012,0.417875,0012_c2s1_0007.png,0024,0.399893,0024_c2s1_0006.png,0023,0.401698,0023,0011,0.300856,0011,0012,0.292938,0012,0024,0.286260,0024,0018,0.281740,0018
0005_c1s1_0010.png,0005,c1,0.0,0.080737,0.0,0.058824,0011,0.438196,0011_c1s1_0001.png,0012,0.362955,0012_c2s1_0006.png,0023,0.344344,0023_c1s1_0003.png,0022,0.259648,0022_c2s1_0006.jpg,0018,0.160154,0018_c1s1_0002.png,0023,0.230748,0023,0011,0.177718,0011,0022,0.117397,0022,0021,0.071488,0021,0009,0.063140,0009
0005_c1s1_0012.png,0005,c1,0.0,0.105688,0.0,0.083333,0023,0.492574,0023_c1s1_0001.png,0011,0.467812,0011_c2s1_0006.png,0020,0.425985,0020_c2s1_0009.jpg,0012,0.369723,0012_c2s1_0007.png,0018,0.367837,0018_c1s1_0002.png,0011,0.467812,0011,0023,0.411440,0023,0020,0.357211,0020,0009,0.325434,0009,0018,0.276471,0018
0005_c1s1_0013.png,0005,c1,0.0,0.085299,0.0,0.058824,0011,0.438592,0011_c1s1_0002.png,0023,0.420575,0023_c1s1_0001.png,0020,0.354944,0020_c2s1_0006.jpg,0009,0.352813,0009_c1s1_0002.png,0018,0.340652,0018_c1s1_0001.png,0011,0.387298,0011,0023,0.327588,0023,0009,0.317239,0009,0020,0.310902,0020,0018,0.241155,0018
0005_c1s1_0015.png,0005,c1,0.0,0.192326,0.0,0.125000,0020,0.557575,0020_c1s1_0003.png,0005,0.496256,0005_c2s1_0007.jpg,0009,0.490759,0009_c2s1_0008.jpg,0024,0.471163,0024_c1s1_0004.png,0011,0.471022,0011_c2s1_0006.png,0020,0.489974,0020,0024,0.483864,0024,0011,0.471022,0011,0009,0.464133,0009,0012,0.396019,0012
0005_c1s1_0016.png,0005,c1,0.0,0.075983,0.0,0.052632,0023,0.360357,0023_c1s1_0001.png,0012,0.353930,0012_c2s1_0007.png,0011,0.308524,0011_c1s1_0001.png,0008,0.185501,0008_c1s1_0001.jpg,0018,0.131306,0018_c1s1_0002.png,0023,0.204770,0023,0011,0.129279,0011,0008,0.111974,0008,0018,0.010682,0018,0012,0.003992,0012
0005_c1s1_0019.png,0005,c1,0.0,0.121476,0.0,0.083333,0023,0.624413,0023_c1s1_0001.png,0012,0.490777,0012_c2s1_0007.png,0018,0.453636,0018_c1s1_0002.png,0011,0.415885,0011_c1s1_0001.png,0009,0.413443,0009_c1s1_0002.png,0023,0.535046,0023,0011,0.399526,0011,0009,0.347246,0009,0018,0.337719,0018,0012,0.325186,0012
0005_c1s1_0020.png,0005,c1,0.0,0.084476,0.0,0.050000,0023,0.372448,0023_c1s1_0002.png,0012,0.359530,0012_c2s1_0007.png,0011,0.332786,0011_c1s1_0001.png,0008,0.128425,0008_c1s1_0001.jpg,0018,0.104144,0018_c1s1_0002.png,0023,0.227688,0023,0011,0.142679,0011,0008,0.035459,0008,0009,-0.034313,0009,0018,-0.042335,0018
0005_c1s1_0021.png,0005,c1,0.0,0.162236,0.0,0.142857,0012,0.344878,0012_c2s1_0007.png,0011,0.253404,0011_c1s1_0001.png,0023,0.247375,0023_c1s1_0002.png,0018,0.078349,0018_c1s1_0002.png,0024,0.033756,0024_c2s1_0006.png,0023,0.103077,0023,0018,-0.040123,0018,0008,-0.065776,0008,0012,-0.085348,0012,0011,-0.095964,0011
0005_c1s1_0022.png,0005,c1,0.0,0.121577,0.0,0.076923,0023,0.436821,0023_c1s1_0001.png,0008,0.424626,0008_c1s1_0001.jpg,0012,0.421553,0012_c2s1_0007.png,0011,0.406364,0011_c1s1_0001.png,0005,0.376226,0005_c2s1_0011.jpg,0011,0.404485,0011,0023,0.336583,0023,0008,0.326948,0008,0020,0.272660,0020,0009,0.252177,0009
0005_c1s1_0024.png,0005,c1,0.0,0.131091,0.0,0.071429,0023,0.369938,0023_c1s1_0001.png,0011,0.349240,0011_c2s1_0006.png,0012,0.346664,0012_c2s1_0007.png,0005,0.327196,0005_c2s1_0007.jpg,0009,0.292227,0009_c1s1_0002.png,0011,0.349240,0011,0023,0.331090,0023,0012,0.287610,0012,0009,0.282524,0009,0020,0.232615,0020
0005_c1s1_0025.png,0005,c1,0.0,0.098580,0.0,0.076923,0023,0.533220,0023_c1s1_0001.png,0009,0.436337,0009_c1s1_0002.png,0011,0.409072,0011_c2s1_0006.png,0018,0.381375,0018_c1s1_0002.png,0012,0.367566,0012_c2s1_0007.png,0023,0.483731,0023,0011,0.409072,0011,0009,0.382461,0009,0020,0.337537,0020,0012,0.310136,0012
0005_c1s1_0026.png,0005,c1,0.0,0.086400,0.0,0.083333,0011,0.399364,0011_c1s1_0001.png,0012,0.378982,0012_c2s1_0007.png,0008,0.355865,0008_c1s1_0001.jpg,0023,0.351325,0023_c1s1_0001.png,0018,0.272449,0018_c1s1_0001.png,0008,0.305377,0008,0011,0.221515,0011,0023,0.198332,0023,0018,0.194183,0018,0017,0.178194,0017
0005_c1s1_0029.png,0005,c1,0.0,0.111478,0.0,0.066667,0023,0.607768,0023_c1s1_0001.png,0012,0.501216,0012_c2s1_0007.png,0011,0.392229,0011_c1s1_0001.png,0018,0.370673,0018_c1s1_0002.png,0009,0.325801,0009_c1s1_0001.png,0023,0.500802,0023,0011,0.356424,0011,0009,0.234436,0009,0018,0.208034,0018,0020,0.153533,0020
0005_c2s1_0002.png,0005,c2,0.0,0.120356,0.0,0.083333,0011,0.471210,0011_c2s1_0006.png,0018,0.443557,0018_c1s1_0001.png,0024,0.442462,0024_c2s1_0006.png,0023,0.426006,0023_c1s1_0001.png,0005,0.412288,0005_c2s1_0007.jpg,0011,0.471210,0011,0018,0.401138,0018,0023,0.387375,0023,0020,0.381312,0020,0009,0.366802,0009
0005_c2s1_0011.png,0005,c2,0.0,0.089612,0.0,0.066667,0023,0.403764,0023_c1s1_0002.png,0012,0.357459,0012_c2s1_0007.png,0011,0.195738,0011_c1s1_0001.png,0009,0.184046,0009_c1s1_0002.png,0018,0.155057,0018_c1s1_0002.png,0023,0.305128,0023,0012,0.203418,0012,0011,0.125790,0011,0014,0.103924,0014,0009,0.084666,0009
0005_c2s1_0014.png,0005,c2,0.0,0.104442,0.0,0.055556,0023,0.424734,0023_c1s1_0002.png,0012,0.393619,0012_c2s1_0007.png,0011,0.236230,0011_c1s1_0001.png,0008,0.184530,0008_c1s1_0001.jpg,0005,0.178798,0005_c2s1_0011.jpg,0023,0.320610,0023,0011,0.208938,0011,0012,0.111784,0012,0014,0.093725,0014,0022,0.084762,0022
0005_c2s1_0017.png,0005,c2,0.0,0.104362,0.0,0.071429,0023,0.566231,0023_c1s1_0005.png,0012,0.418145,0012_c2s1_0007.png,0009,0.408650,0009_c1s1_0002.png,0018,0.359309,0018_c1s1_0002.png,0011,0.348059,0011_c2s1_0006.png,0023,0.518351,0023,0011,0.348059,0011,0009,0.326140,0009,0012,0.289025,0012,0014,0.272709,0014
0005_c2s1_0018.png,0005,c2,0.0,0.087967,0.0,0.055556,0012,0.429751,0012_c2s1_0007.png,0023,0.407399,0023_c1s1_0003.png,0011,0.387719,0011_c1s1_0001.png,0008,0.277709,0008_c1s1_0001.jpg,0018,0.263393,0018_c1s1_0002.png,0023,0.277266,0023,0011,0.220382,0011,0008,0.188862,0008,0018,0.133137,0018,0020,0.097633,0020
0005_c2s1_0023.png,0005,c2,0.0,0.086592,0.0,0.071429,0011,0.477090,0011_c2s1_0006.png,0023,0.463896,0023_c1s1_0001.png,0008,0.449390,0008_c1s1_0001.jpg,0020,0.421815,0020_c2s1_0009.jpg,0012,0.392392,0012_c2s1_0007.png,0011,0.477090,0011,0023,0.371834,0023,0020,0.349544,0020,0008,0.323868,0008,0018,0.319457,0018
0005_c2s1_0027.png,0005,c2,0.0,0.092787,0.0,0.071429,0023,0.506265,0023_c1s1_0005.png,0009,0.445050,0009_c1s1_0002.png,0011,0.421600,0011_c2s1_0006.png,0020,0.370127,0020_c2s1_0006.jpg,0002,0.365872,0002_c2s1_0009.jpg,0023,0.456164,0023,0011,0.421600,0011,0009,0.405179,0009,0020,0.360615,0020,0014,0.312319,0014
0005_c2s1_0028.png,0005,c2,0.0,0.076534,0.0,0.066667,0011,0.352867,0011_c1s1_0001.png,0023,0.341310,0023_c1s1_0005.png,0022,0.337226,0022_c2s1_0006.jpg,0012,0.337081,0012_c2s1_0007.png,0002,0.270739,0002_c2s1_0009.jpg,0023,0.268612,0023,0022,0.259429,0022,0011,0.242899,0011,0014,0.207901,0014,0021,0.205471,0021
0006_c1s1_0001.png,0006,c1,0.0,0.055557,0.0,0.066667,0023,0.531867,0023_c1s1_0003.png,0008,0.451334,0008_c1s1_0001.jpg,0011,0.451025,0011_c2s1_0006.png,0009,0.397521,0009_c1s1_0001.png,0005,0.367848,0005_c2s1_0011.jpg,0011,0.451025,0011,0023,0.428709,0023,0009,0.343539,0009,0008,0.287513,0008,0013,0.254147,0013
0006_c1s1_0002.png,0006,c1,0.0,0.055605,0.0,0.076923,0023,0.551599,0023_c1s1_0001.png,0008,0.505260,0008_c1s1_0001.jpg,0011,0.424641,0011_c2s1_0006.png,0012,0.416038,0012_c2s1_0006.png,0013,0.391366,0013_c2s1_0009.jpg,0011,0.424641,0011,0023,0.415618,0023,0008,0.357866,0008,0009,0.318148,0009,0013,0.298287,0013
0006_c1s1_0003.png,0006,c1,0.0,0.060174,0.0,0.083333,0011,0.475874,0011_c2s1_0006.png,0008,0.475837,0008_c1s1_0001.jpg,0023,0.469742,0023_c1s1_0003.png,0005,0.416731,0005_c2s1_0011.jpg,0009,0.386422,0009_c1s1_0001.png,0011,0.475874,0011,0023,0.413177,0023,0009,0.380699,0009,0008,0.328834,0008,0019,0.293500,0019
0006_c1s1_0004.png,0006,c1,0.0,0.063871,0.0,0.083333,0008,0.495538,0008_c1s1_0001.jpg,0011,0.489363,0011_c2s1_0006.png,0023,0.477117,0023_c1s1_0001.png,0013,0.439927,0013_c2s1_0009.jpg,0005,0.412905,0005_c2s1_0011.jpg,0011,0.489363,0011,0023,0.396810,0023,0013,0.357356,0013,0009,0.352533,0009,0008,0.339307,0008
0006_c1s1_0006.png,0006,c1,0.0,0.051869,0.0,0.076923,0023,0.494582,0023_c1s1_0003.png,0012,0.365526,0012_c2s1_0006.png,0008,0.333385,0008_c1s1_0001.jpg,0009,0.312526,0009_c1s1_0001.png,0011,0.288186,0011_c1s1_0001.png,0023,0.386594,0023,0011,0.278807,0011,0022,0.202996,0022,0009,0.195947,0009,0008,0.187899,0008
0006_c1s1_0007.png,0006,c1,0.0,0.068667,0.0,0.100000,0023,0.569353,0023_c1s1_0003.png,0009,0.527116,0009_c1s1_0001.png,0008,0.517809,0008_c1s1_0001.jpg,0011,0.492494,0011_c2s1_0006.png,0003,0.457475,0003_c1s1_0003.png,0023,0.505012,0023,0011,0.492494,0011,0009,0.461722,0009,0003,0.377936,0003,0004,0.367890,0004
0006_c1s1_0010.png,0006,c1,0.0,0.093048,0.0,0.111111,0008,0.536646,0008_c1s1_0001.jpg,0003,0.523211,0003_c1s1_0003.png,0023,0.511690,0023_c1s1_0001.png,0013,0.459019,0013_c2s1_0009.jpg,0009,0.455845,0009_c1s1_0001.png,0011,0.442137,0011,0003,0.441725,0003,0023,0.415708,0023,0019,0.407234,0019,0009,0.405277,0009
0006_c1s1_0013.png,0006,c1,0.0,0.072192,0.0,0.100000,0011,0.569847,0011_c2s1_0006.png,0008,0.526703,0008_c1s1_0001.jpg,0003,0.510086,0003_c1s1_0003.png,0009,0.510083,0009_c1s1_0001.png,0019,0.504057,0019_c2s1_0009.jpg,0011,0.569847,0011,0009,0.512988,0009,0019,0.484746,0019,0023,0.455030,0023,0003,0.447422,0003
0006_c1s1_0015.png,0006,c1,0.0,0.065114,0.0,0.100000,0023,0.516338,0023_c1s1_0003.png,0008,0.480488,0008_c1s1_0001.jpg,0011,0.477749,0011_c2s1_0006.png,0009,0.418212,0009_c1s1_0001.png,0013,0.408908,0013_c2s1_0009.jpg,0011,0.477749,0011,0023,0.439665,0023,0009,0.395761,0009,0013,0.318186,0013,0008,0.311893,0008
0006_c1s1_0017.png,0006,c1,0.0,0.072419,0.0,0.083333,0008,0.592948,0008_c1s1_0001.jpg,0003,0.576121,0003_c1s1_0003.png,0013,0.552011,0013_c2s1_0009.jpg,0017,0.533559,0017_c2s1_0006.jpg,0020,0.515547,0020_c2s1_0008.jpg,0013,0.501353,0013,0003,0.496960,0003,0011,0.493940,0011,0017,0.479210,0017,0019,0.467512,0019
0006_c1s1_0019.png,0006,c1,0.0,0.057875,0.0,0.076923,0023,0.536001,0023_c1s1_0001.png,0009,0.446526,0009_c1s1_0001.png,0008,0.421279,0008_c1s1_0001.jpg,0003,0.381294,0003_c1s1_0003.png,0012,0.369038,0012_c2s1_0006.png,0023,0.450305,0023,0011,0.347006,0011,0009,0.345588,0009,0003,0.307636,0003,0012,0.294819,0012
0006_c1s1_0023.png,0006,c1,0.0,0.056374,0.0,0.076923,0023,0.518071,0023_c1s1_0001.png,0008,0.464093,0008_c1s1_0001.jpg,0011,0.456601,0011_c2s1_0006.png,0009,0.414635,0009_c1s1_0001.png,0012,0.371001,0012_c2s1_0006.png,0011,0.456601,0011,0023,0.422228,0023,0009,0.362340,0009,0008,0.292193,0008,0013,0.270277,0013
0006_c1s1_0025.png,0006,c1,0.0,0.084749,0.0,0.111111,0023,0.547358,0023_c1s1_0001.png,0008,0.511331,0008_c1s1_0001.jpg,0003,0.482162,0003_c1s1_0003.png,0009,0.441729,0009_c1s1_0001.png,0013,0.417287,0013_c2s1_0009.jpg,0023,0.457623,0023,0003,0.401963,0003,0011,0.396549,0011,0009,0.380884,0009,0004,0.349759,0004
0006_c2s1_0005.png,0006,c2,0.0,0.070784,0.0,0.090909,0008,0.469986,0008_c1s1_0001.jpg,0023,0.456821,0023_c1s1_0003.png,0011,0.429043,0011_c2s1_0006.png,0013,0.371734,0013_c2s1_0009.jpg,0003,0.353771,0003_c1s1_0003.png,0011,0.429043,0011,0023,0.366514,0023,0009,0.325684,0009,0008,0.300337,0008,0013,0.282601,0013
0006_c2s1_0008.png,0006,c2,0.0,0.107236,0.0,0.111111,0008,0.531479,0008_c1s1_0001.jpg,0013,0.460349,0013_c2s1_0009.jpg,0003,0.450694,0003_c1s1_0003.png,0011,0.443351,0011_c2s1_0006.png,0019,0.437080,0019_c2s1_0010.jpg,0011,0.443351,0011,0019,0.393374,0019,0013,0.389910,0013,0008,0.385575,0008,0003,0.376402,0003
0006_c2s1_0011.png,0006,c2,0.0,0.055375,0.0,0.071429,0023,0.406150,0023_c1s1_0003.png,0011,0.361943,0011_c2s1_0006.png,0012,0.354282,0012_c2s1_0007.png,0008,0.354117,0008_c1s1_0001.jpg,0005,0.309920,0005_c2s1_0011.jpg,0011,0.361943,0011,0023,0.297742,0023,0008,0.210869,0008,0009,0.174424,0009,0013,0.164082,0013
0006_c2s1_0012.png,0006,c2,0.0,0.064500,0.0,0.076923,0008,0.529853,0008_c1s1_0001.jpg,0011,0.508434,0011_c2s1_0006.png,0017,0.432689,0017_c2s1_0006.jpg,0019,0.414563,0019_c2s1_0010.jpg,0005,0.400574,0005_c2s1_0011.jpg,0011,0.508434,0011,0019,0.392410,0019,0009,0.378245,0009,0008,0.375552,0008,0017,0.361731,0017
0006_c2s1_0014.png,0006,c2,0.0,0.058455,0.0,0.071429,0011,0.499589,0011_c2s1_0006.png,0008,0.499189,0008_c1s1_0001.jpg,0023,0.475410,0023_c1s1_0003.png,0009,0.408107,0009_c1s1_0001.png,0005,0.379304,0005_c2s1_0011.jpg,0011,0.499589,0011,0023,0.401507,0023,0009,0.390079,0009,0008,0.325813,0008,0019,0.303046,0019
0006_c2s1_0016.png,0006,c2,0.0,0.099962,0.0,0.111111,0008,0.564302,0008_c1s1_0001.jpg,0013,0.480461,0013_c2s1_0009.jpg,0003,0.453590,0003_c1s1_0003.png,0023,0.450984,0023_c1s1_0003.png,0011,0.438076,0011_c2s1_0006.png,0011,0.438076,0011,0008,0.401968,0008,0013,0.394415,0013,0019,0.380830,0019,0003,0.367609,0003
0006_c2s1_0018.png,0006,c2,0.0,0.070784,0.0,0.100000,0008,0.503302,0008_c1s1_0001.jpg,0023,0.496997,0023_c1s1_0003.png,0011,0.493831,0011_c2s1_0006.png,0013,0.422271,0013_c2s1_0009.jpg,0009,0.415376,0009_c1s1_0001.png,0011,0.493831,0011,0023,0.418592,0023,0009,0.389869,0009,0013,0.333230,0013,0019,0.325338,0019
0006_c2s1_0020.png,0006,c2,0.0,0.054839,0.0,0.066667,0023,0.473346,0023_c1s1_0003.png,0011,0.423681,0011_c2s1_0006.png,0008,0.389176,0008_c1s1_0001.jpg,0009,0.358014,0009_c1s1_0001.png,0005,0.353305,0005_c2s1_0011.jpg,0011,0.423681,0011,0023,0.391018,0023,0009,0.298238,0009,0008,0.220068,0008,0013,0.219254,0013
0006_c2s1_0021.png,0006,c2,0.0,0.056196,0.0,0.066667,0023,0.566192,0023_c1s1_0001.png,0008,0.557971,0008_c1s1_0001.jpg,0018,0.425016,0018_c1s1_0001.png,0011,0.415498,0011_c2s1_0006.png,0013,0.403507,0013_c2s1_0009.jpg,0023,0.429785,0023,0008,0.428429,0008,0011,0.415498,0011,0018,0.374893,0018,0017,0.343224,0017
0006_c2s1_0024.png,0006,c2,0.0,0.073780,0.0,0.083333,0008,0.536780,0008_c1s1_0001.jpg,0011,0.495041,0011_c2s1_0006.png,0013,0.488828,0013_c2s1_0009.jpg,0023,0.477326,0023_c1s1_0003.png,0003,0.475239,0003_c1s1_0003.png,0011,0.495041,0011,0023,0.424378,0023,0013,0.417723,0013,0019,0.415026,0019,0009,0.410377,0009
0007_c1s1_0001.png,0007,c1,0.0,0.206914,0.0,0.500000,0008,0.603540,0008_c2s1_0006.jpg,0017,0.579365,0017_c1s1_0001.png,0007,0.543551,0007_c1s1_0001.png,0019,0.504618,0019_c2s1_0008.jpg,0003,0.492928,0003_c1s1_0002.png,0017,0.556686,0017,0007,0.528650,0007,0008,0.516722,0008,0019,0.511551,0019,0018,0.472598,0018
0007_c1s1_0004.png,0007,c1,0.0,0.115964,0.0,0.200000,0008,0.602759,0008_c1s1_0001.jpg,0017,0.514326,0017_c2s1_0006.jpg,0020,0.504292,0020_c2s1_0008.jpg,0023,0.485729,0023_c1s1_0001.png,0007,0.477876,0007_c1s1_0001.png,0017,0.497062,0017,0008,0.495389,0008,0020,0.476575,0020,0018,0.476394,0018,0007,0.456700,0007
0007_c1s1_0006.png,0007,c1,0.0,0.188895,0.0,0.333333,0017,0.629022,0017_c1s1_0001.png,0008,0.618422,0008_c1s1_0001.jpg,0007,0.571653,0007_c2s1_0007.png,0016,0.541820,0016_c1s1_0003.png,0003,0.515156,0003_c1s1_0002.png,0017,0.606885,0017,0008,0.571373,0008,0007,0.565335,0007,0016,0.514045,0016,0019,0.478666,0019
0007_c1s1_0008.png,0007,c1,0.0,0.243589,0.0,0.500000,0017,0.799498,0017_c2s1_0006.jpg,0008,0.770967,0008_c2s1_0006.jpg,0007,0.759024,0007_c1s1_0003.png,0019,0.724078,0019_c1s1_0002.png,0016,0.715271,0016_c1s1_0002.png,0017,0.789440,0017,0007,0.763891,0007,0016,0.713817,0016,0019,0.709557,0019,0008,0.697503,0008
0007_c1s1_0009.png,0007,c1,0.0,0.186022,0.0,0.333333,0008,0.645635,0008_c1s1_0001.jpg,0017,0.548879,0017_c2s1_0006.jpg,0007,0.501400,0007_c2s1_0006.png,0003,0.499635,0003_c1s1_0003.png,0019,0.472502,0019_c2s1_0008.jpg,0008,0.548779,0008,0017,0.514919,0017,0007,0.485617,0007,0019,0.462146,0019,0018,0.446347,0018
0007_c1s1_0011.png,0007,c1,0.0,0.296938,1.0,1.000000,0008,0.581660,0008_c2s1_0006.jpg,0017,0.531135,0017_c1s1_0001.png,0007,0.520129,0007_c1s1_0001.png,0019,0.478670,0019_c1s1_0002.png,0024,0.478511,0024_c2s1_0007.png,0007,0.518915,0007,0017,0.504603,0017,0008,0.503166,0008,0018,0.474692,0018,0019,0.445107,0019
0007_c1s1_0014.png,0007,c1,0.0,0.215762,0.0,0.500000,0008,0.673403,0008_c2s1_0006.jpg,0017,0.671983,0017_c1s1_0001.png,0007,0.631402,0007_c2s1_0007.png,0016,0.595099,0016_c1s1_0004.png,0019,0.577442,0019_c1s1_0002.png,0017,0.650446,0017,0007,0.630963,0007,0008,0.604224,0008,0016,0.569252,0016,0019,0.550235,0019
0007_c1s1_0015.png,0007,c1,0.0,0.242474,0.0,0.333333,0008,0.594087,0008_c1s1_0005.jpg,0017,0.566802,0017_c2s1_0006.jpg,0007,0.549043,0007_c1s1_0005.png,0019,0.506309,0019_c2s1_0008.jpg,0016,0.485420,0016_c1s1_0003.png,0017,0.538544,0017,0008,0.516749,0008,0007,0.516398,0007,0019,0.500464,0019,0016,0.474020,0016
0007_c1s1_0018.png,0007,c1,0.0,0.089148,0.0,0.142857,0008,0.522525,0008_c1s1_0001.jpg,0024,0.436542,0024_c2s1_0007.png,0017,0.434724,0017_c2s1_0006.jpg,0023,0.419400,0023_c1s1_0001.png,0018,0.419138,0018_c1s1_0001.png,0008,0.426613,0008,0018,0.420607,0018,0017,0.411091,0017,0020,0.395517,0020,0011,0.389562,0011
0007_c1s1_0019.png,0007,c1,0.0,0.215979,0.0,0.500000,0017,0.756851,0017_c2s1_0006.jpg,0008,0.724194,0008_c2s1_0008.jpg,0007,0.683224,0007_c2s1_0007.png,0016,0.650015,0016_c1s1_0002.png,0015,0.646636,0015_c2s1_0006.png,0017,0.740627,0017,0007,0.689954,0007,0019,0.653476,0019,0016,0.651001,0016,0008,0.630471,0008
0007_c2s1_0002.png,0007,c2,0.0,0.107560,0.0,0.200000,0008,0.543103,0008_c1s1_0001.jpg,0023,0.467458,0023_c1s1_0001.png,0012,0.385065,0012_c2s1_0006.png,0007,0.382551,0007_c2s1_0007.png,0018,0.381011,0018_c1s1_0002.png,0008,0.423048,0008,0023,0.403851,0023,0011,0.377967,0011,0018,0.332757,0018,0007,0.327354,0007
0007_c2s1_0005.png,0007,c2,0.0,0.185279,0.0,0.500000,0017,0.622115,0017_c1s1_0001.png,0008,0.620028,0008_c1s1_0001.jpg,0007,0.563476,0007_c1s1_0001.png,0018,0.548240,0018_c2s1_0007.png,0024,0.546683,0024_c2s1_0007.png,0017,0.610097,0017,0007,0.554720,0007,0008,0.553180,0008,0018,0.534545,0018,0019,0.506822,0019
0007_c2s1_0007.png,0007,c2,0.0,0.140615,0.0,0.250000,0008,0.630159,0008_c1s1_0001.jpg,0017,0.574665,0017_c2s1_0006.jpg,0003,0.520462,0003_c1s1_0003.png,0007,0.502482,0007_c1s1_0005.png,0019,0.499082,0019_c2s1_0008.jpg,0017,0.536715,0017,0008,0.527719,0008,0019,0.486526,0019,0007,0.480856,0007,0018,0.460912,0018
0007_c2s1_0010.png,0007,c2,0.0,0.211648,0.0,0.500000,0017,0.720537,0017_c2s1_0006.jpg,0008,0.699285,0008_c2s1_0006.jpg,0007,0.671538,0007_c1s1_0003.png,0016,0.621298,0016_c1s1_0002.png,0019,0.620089,0019_c1s1_0002.png,0017,0.706263,0017,0007,0.671141,0007,0008,0.624085,0008,0016,0.617887,0016,0019,0.617549,0019
0007_c2s1_0012.png,0007,c2,0.0,0.178755,0.0,0.500000,0017,0.694578,0017_c2s1_0006.jpg,0008,0.671251,0008_c1s1_0001.jpg,0007,0.627235,0007_c2s1_0007.png,0016,0.612300,0016_c1s1_0005.png,0019,0.596624,0019_c2s1_0008.jpg,0017,0.649939,0017,0007,0.615381,0007,0008,0.614405,0008,0016,0.600687,0016,0019,0.595541,0019
0007_c2s1_0013.png,0007,c2,0.0,0.192779,0.0,0.333333,0008,0.542561,0008_c1s1_0001.jpg,0017,0.481167,0017_c2s1_0006.jpg,0007,0.447632,0007_c1s1_0005.png,0003,0.410575,0003_c1s1_0003.png,0019,0.399192,0019_c2s1_0008.jpg,0017,0.458223,0017,0008,0.448730,0008,0007,0.424621,0007,0019,0.384070,0019,0011,0.378522,0011
0007_c2s1_0016.png,0007,c2,0.0,0.256484,0.0,0.500000,0017,0.648813,0017_c2s1_0006.jpg,0008,0.642434,0008_c2s1_0006.jpg,0007,0.634775,0007_c2s1_0007.png,0019,0.595103,0019_c1s1_0002.png,0001,0.569385,0001_c2s1_0006.png,0017,0.633209,0017,0007,0.618642,0007,0008,0.574625,0008,0019,0.572397,0019,0013,0.530651,0013
0007_c2s1_0017.png,0007,c2,0.0,0.136365,0.0,0.250000,0024,0.564459,0024_c2s1_0007.png,0005,0.564144,0005_c1s1_0005.png,0008,0.550230,0008_c2s1_0006.jpg,0020,0.541899,0020_c2s1_0010.jpg,0017,0.540190,0017_c1s1_0004.png,0020,0.536183,0020,0017,0.530362,0017,0005,0.510838,0005,0007,0.508663,0007,0018,0.508611,0018
0007_c2s1_0020.png,0007,c2,0.0,0.220741,0.0,0.500000,0017,0.721517,0017_c1s1_0001.png,0008,0.699709,0008_c2s1_0006.jpg,0007,0.685421,0007_c1s1_0003.png,0016,0.640373,0016_c1s1_0002.png,0019,0.626749,0019_c1s1_0002.png,0017,0.709733,0017,0007,0.680113,0007,0008,0.628235,0008,0016,0.626626,0016,0019,0.611018,0019
0008_c1s1_0002.png,0008,c1,1.0,0.598085,0.0,0.250000,0008,0.616582,0008_c2s1_0006.jpg,0017,0.584617,0017_c2s1_0006.jpg,0007,0.546484,0007_c1s1_0003.png,0019,0.526949,0019_c2s1_0008.jpg,0003,0.509923,0003_c1s1_0003.png,0017,0.565595,0017,0007,0.538425,0007,0019,0.525363,0019,0008,0.491660,0008,0016,0.485242,0016
0008_c1s1_0003.png,0008,c1,0.0,0.156899,0.0,0.166667,0023,0.430480,0023_c1s1_0004.png,0009,0.390436,0009_c1s1_0002.png,0011,0.387051,0011_c2s1_0006.png,0008,0.353919,0008_c1s1_0001.jpg,0020,0.333529,0020_c2s1_0006.jpg,0023,0.399427,0023,0011,0.387051,0011,0009,0.355274,0009,0020,0.330129,0020,0018,0.290292,0018
0008_c1s1_0005.png,0008,c1,1.0,0.717111,0.0,0.500000,0008,0.605825,0008_c1s1_0001.jpg,0017,0.587959,0017_c2s1_0006.jpg,0007,0.552948,0007_c2s1_0007.png,0019,0.502181,0019_c2s1_0008.jpg,0003,0.482723,0003_c1s1_0003.png,0017,0.553384,0017,0008,0.541462,0008,0007,0.520901,0007,0019,0.496614,0019,0016,0.446734,0016
0008_c1s1_0007.png,0008,c1,1.0,0.579526,0.0,0.250000,0008,0.600469,0008_c2s1_0006.jpg,0017,0.581970,0017_c1s1_0001.png,0020,0.516473,0020_c2s1_0010.jpg,0007,0.512462,0007_c1s1_0001.png,0003,0.496647,0003_c1s1_0003.png,0017,0.569250,0017,0007,0.510044,0007,0020,0.491821,0020,0008,0.478787,0008,0019,0.466397,0019
0008_c1s1_0008.png,0008,c1,1.0,0.508258,0.0,0.333333,0008,0.593915,0008_c2s1_0006.jpg,0017,0.588131,0017_c1s1_0001.png,0007,0.535795,0007_c1s1_0001.png,0020,0.515355,0020_c2s1_0010.jpg,0024,0.490461,0024_c2s1_0007.png,0017,0.573728,0017,0007,0.528312,0007,0008,0.476693,0008,0018,0.476422,0018,0020,0.469878,0020
0008_c1s1_0010.png,0008,c1,1.0,0.863333,1.0,1.000000,0008,0.471678,0008_c1s1_0001.jpg,0017,0.404281,0017_c1s1_0001.png,0003,0.387434,0003_c1s1_0003.png,0007,0.370958,0007_c2s1_0007.png,0016,0.354683,0016_c1s1_0004.png,0008,0.402994,0008,0017,0.378679,0017,0007,0.335238,0007,0003,0.328240,0003,0016,0.306568,0016
0008_c1s1_0012.png,0008,c1,0.0,0.509385,0.0,0.333333,0017,0.651732,0017_c1s1_0001.png,0008,0.639189,0008_c2s1_0008.jpg,0007,0.597088,0007_c2s1_0007.png,0019,0.553437,0019_c1s1_0002.png,0003,0.526512,0003_c1s1_0002.png,0017,0.637981,0017,0007,0.603224,0007,0008,0.579724,0008,0019,0.536357,0019,0016,0.489354,0016
0008_c1s1_0014.png,0008,c1,1.0,0.892228,1.0,1.000000,0008,0.599236,0008_c1s1_0001.jpg,0017,0.508603,0017_c2s1_0006.jpg,0003,0.485396,0003_c1s1_0003.png,0007,0.475634,0007_c1s1_0005.png,0019,0.452535,0019_c2s1_0008.jpg,0008,0.492483,0008,0017,0.492158,0017,0007,0.444492,0007,0019,0.437430,0019,0003,0.419497,0003
0008_c1s1_0016.png,0008,c1,1.0,0.786515,0.0,0.500000,0008,0.515277,0008_c1s1_0001.jpg,0017,0.495325,0017_c1s1_0001.png,0007,0.454109,0007_c2s1_0007.png,0003,0.419267,0003_c1s1_0003.png,0016,0.417961,0016_c1s1_0004.png,0017,0.471117,0017,0008,0.457277,0008,0007,0.437681,0007,0019,0.386558,0019,0016,0.382658,0016
0008_c2s1_0001.png,0008,c2,1.0,0.689452,0.0,0.333333,0008,0.462250,0008_c1s1_0001.jpg,0017,0.415267,0017_c2s1_0006.jpg,0019,0.386714,0019_c2s1_0008.jpg,0003,0.365844,0003_c1s1_0003.png,0007,0.340781,0007_c1s1_0005.png,0019,0.360938,0019,0017,0.351149,0017,0008,0.335392,0008,0007,0.308041,0007,0003,0.306518,0003
0008_c2s1_0004.png,0008,c2,1.0,0.784293,1.0,1.000000,0008,0.488397,0008_c1s1_0001.jpg,0017,0.404814,0017_c2s1_0006.jpg,0019,0.378136,0019_c2s1_0008.jpg,0007,0.364921,0007_c1s1_0005.png,0003,0.347882,0003_c1s1_0003.png,0008,0.371160,0008,0019,0.350939,0019,0017,0.342885,0017,0007,0.309642,0007,0016,0.290336,0016
0008_c2s1_0006.png,0008,c2,0.0,0.676813,0.0,0.250000,0017,0.710730,0017_c2s1_0006.jpg,0008,0.699381,0008_c2s1_0006.jpg,0019,0.630606,0019_c2s1_0008.jpg,0007,0.615408,0007_c2s1_0007.png,0013,0.590106,0013_c2s1_0008.jpg,0017,0.650251,0017,0019,0.632255,0019,0007,0.607953,0007,0008,0.599869,0008,0013,0.557941,0013
0008_c2s1_0009.png,0008,c2,0.0,0.506560,0.0,0.250000,0017,0.776941,0017_c2s1_0006.jpg,0008,0.750672,0008_c2s1_0008.jpg,0007,0.702495,0007_c2s1_0007.png,0019,0.693823,0019_c2s1_0008.jpg,0001,0.675615,0001_c2s1_0006.png,0017,0.742256,0017,0007,0.707509,0007,0019,0.706383,0019,0008,0.657214,0008,0016,0.639554,0016
0008_c2s1_0011.png,0008,c2,0.0,0.387391,0.0,0.200000,0017,0.761894,0017_c2s1_0006.jpg,0008,0.752843,0008_c2s1_0008.jpg,0007,0.704208,0007_c1s1_0004.png,0019,0.697957,0019_c1s1_0002.png,0001,0.653576,0001_c2s1_0006.png,0017,0.752400,0017,0007,0.718324,0007,0019,0.686912,0019,0016,0.630259,0016,0008,0.623167,0008
0008_c2s1_0013.png,0008,c2,0.0,0.579633,0.0,0.250000,0017,0.695619,0017_c2s1_0006.jpg,0008,0.662474,0008_c2s1_0006.jpg,0019,0.632455,0019_c1s1_0002.png,0007,0.618683,0007_c1s1_0001.png,0001,0.603396,0001_c2s1_0006.png,0017,0.646071,0017,0019,0.628017,0019,0007,0.612558,0007,0008,0.607498,0008,0016,0.542605,0016
0008_c2s1_0015.png,0008,c2,0.0,0.528118,0.0,0.250000,0017,0.653932,0017_c2s1_0006.jpg,0008,0.630916,0008_c2s1_0006.jpg,0007,0.573150,0007_c1s1_0001.png,0019,0.558779,0019_c1s1_0002.png,0003,0.522391,0003_c1s1_0003.png,0017,0.621770,0017,0007,0.571066,0007,0019,0.563998,0019,0008,0.542368,0008,0016,0.494538,0016
0010_c1s1_0002.png,0010,c1,0.0,0.050356,0.0,0.083333,0023,0.592987,0023_c1s1_0003.png,0012,0.479758,0012_c2s1_0006.png,0011,0.416672,0011_c1s1_0001.png,0009,0.298558,0009_c1s1_0002.png,0018,0.253188,0018_c1s1_0002.png,0023,0.493351,0023,0011,0.181897,0011,0014,0.137139,0014,0009,0.128709,0009,0022,0.106814,0022
0010_c1s1_0004.png,0010,c1,0.0,0.051027,0.0,0.083333,0023,0.526423,0023_c1s1_0003.png,0012,0.452791,0012_c2s1_0006.png,0011,0.359403,0011_c1s1_0001.png,0022,0.150027,0022_c2s1_0006.jpg,0018,0.138550,0018_c1s1_0002.png,0023,0.394732,0023,0011,0.017415,0011,0022,-0.008275,0022,0014,-0.012616,0014,0009,-0.050004,0009
0010_c1s1_0006.png,0010,c1,0.0,0.053327,0.0,0.083333,0023,0.525515,0023_c1s1_0003.png,0012,0.461116,0012_c2s1_0006.png,0011,0.368319,0011_c1s1_0001.png,0022,0.187290,0022_c2s1_0006.jpg,0009,0.172893,0009_c1s1_0002.png,0023,0.416637,0023,0011,0.061945,0011,0014,0.049718,0014,0022,0.039937,0022,0009,0.001177,0009
0010_c2s1_0001.png,0010,c2,0.0,0.057900,0.0,0.100000,0023,0.527976,0023_c1s1_0003.png,0012,0.460758,0012_c2s1_0006.png,0011,0.406732,0011_c1s1_0001.png,0022,0.283623,0022_c2s1_0006.jpg,0009,0.268415,0009_c1s1_0002.png,0023,0.444819,0023,0014,0.169062,0014,0022,0.150342,0022,0011,0.150036,0011,0009,0.110904,0009
0010_c2s1_0003.png,0010,c2,0.0,0.051497,0.0,0.090909,0023,0.474048,0023_c1s1_0003.png,0012,0.440486,0012_c2s1_0006.png,0011,0.293517,0011_c1s1_0001.png,0022,0.144461,0022_c2s1_0006.jpg,0018,0.124700,0018_c1s1_0002.png,0023,0.362096,0023,0011,0.030266,0011,0014,0.020637,0014,0012,0.014423,0012,0022,0.011521,0022
0010_c2s1_0005.png,0010,c2,0.0,0.045436,0.0,0.090909,0012,0.416294,0012_c2s1_0006.png,0011,0.391600,0011_c1s1_0001.png,0023,0.381653,0023_c1s1_0003.png,0022,0.215017,0022_c2s1_0006.jpg,0009,0.134159,0009_c1s1_0002.png,0023,0.296341,0023,0011,0.179794,0011,0022,0.060476,0022,0009,0.046495,0009,0014,0.034171,0014
0011_c1s1_0003.png,0011,c1,0.0,0.151168,0.0,0.250000,0023,0.420224,0023_c1s1_0001.png,0012,0.352432,0012_c2s1_0007.png,0018,0.325079,0018_c1s1_0001.png,0011,0.256045,0011_c1s1_0001.png,0008,0.212759,0008_c1s1_0001.jpg,0023,0.264577,0023,0018,0.192563,0018,0008,0.148620,0008,0011,0.126035,0011,0020,0.114031,0020
0011_c1s1_0005.png,0011,c1,0.0,0.158007,0.0,0.333333,0023,0.542405,0023_c1s1_0001.png,0018,0.462976,0018_c1s1_0001.png,0020,0.436666,0020_c2s1_0009.jpg,0011,0.415368,0011_c2s1_0006.png,0012,0.412966,0012_c2s1_0007.png,0023,0.454031,0023,0020,0.422355,0020,0011,0.415368,0011,0018,0.393584,0018,0009,0.337702,0009
0011_c1s1_0007.png,0011,c1,0.0,0.169048,1.0,1.000000,0023,0.336971,0023_c1s1_0002.png,0012,0.311355,0012_c2s1_0007.png,0011,0.274092,0011_c2s1_0006.png,0008,0.269756,0008_c1s1_0001.jpg,0020,0.266600,0020_c2s1_0009.jpg,0011,0.274092,0011,0023,0.271795,0023,0020,0.237550,0020,0018,0.200381,0018,0008,0.200307,0008
0011_c1s1_0010.png,0011,c1,0.0,0.314484,0.0,0.500000,0023,0.468618,0023_c1s1_0001.png,0011,0.452263,0011_c1s1_0001.png,0012,0.444419,0012_c2s1_0007.png,0018,0.366262,0018_c1s1_0002.png,0008,0.335084,0008_c1s1_0001.jpg,0023,0.354835,0023,0011,0.318602,0011,0018,0.293179,0018,0008,0.254087,0008,0020,0.245566,0020
0011_c1s1_0011.png,0011,c1,0.0,0.118122,0.0,0.142857,0023,0.318229,0023_c1s1_0002.png,0012,0.267077,0012_c2s1_0007.png,0018,0.239644,0018_c1s1_0001.png,0011,0.226107,0011_c1s1_0001.png,0020,0.189602,0020_c1s1_0002.png,0023,0.178218,0023,0018,0.113994,0018,0020,0.112667,0020,0012,0.077813,0012,0008,0.074645,0008
0011_c1s1_0015.png,0011,c1,0.0,0.194097,0.0,0.500000,0018,0.421695,0018_c1s1_0001.png,0023,0.414273,0023_c1s1_0001.png,0012,0.379757,0012_c2s1_0007.png,0011,0.375676,0011_c1s1_0001.png,0008,0.353095,0008_c1s1_0001.jpg,0018,0.338813,0018,0011,0.295344,0011,0008,0.294900,0008,0023,0.294038,0023,0020,0.277966,0020
0011_c1s1_0017.png,0011,c1,0.0,0.175143,0.0,0.333333,0023,0.404004,0023_c1s1_0002.png,0012,0.401453,0012_c2s1_0007.png,0018,0.258926,0018_c1s1_0001.png,0011,0.244199,0011_c1s1_0001.png,0008,0.162100,0008_c1s1_0001.jpg,0023,0.244322,0023,0018,0.126052,0018,0011,0.103688,0011,0008,0.092412,0008,0012,0.088884,0012
0011_c1s1_0019.png,0011,c1,0.0,0.181944,0.0,0.333333,0023,0.435661,0023_c1s1_0001.png,0012,0.418526,0012_c2s1_0007.png,0018,0.346466,0018_c1s1_0001.png,0011,0.323724,0011_c1s1_0001.png,0024,0.257469,0024_c2s1_0006.png,0023,0.320539,0023,0018,0.250079,0018,0011,0.216457,0011,0008,0.185505,0008,0012,0.158983,0012
0011_c1s1_0021.png,0011,c1,0.0,0.268010,1.0,1.000000,0023,0.415630,0023_c1s1_0001.png,0011,0.382261,0011_c1s1_0001.png,0008,0.361977,0008_c1s1_0001.jpg,0020,0.349777,0020_c2s1_0009.jpg,0012,0.335069,0012_c2s1_0007.png,0011,0.320565,0011,0023,0.307122,0023,0020,0.290320,0020,0008,0.288239,0008,0018,0.255879,0018
0011_c1s1_0023.png,0011,c1,0.0,0.174756,0.0,0.333333,0023,0.456460,0023_c1s1_0002.png,0018,0.403263,0018_c1s1_0001.png,0012,0.385354,0012_c2s1_0007.png,0011,0.339647,0011_c1s1_0001.png,0008,0.324521,0008_c1s1_0001.jpg,0023,0.348957,0023,0018,0.295881,0018,0011,0.295716,0011,0020,0.266948,0020,0012,0.242075,0012
0011_c2s1_0001.png,0011,c2,0.0,0.345833,0.0,0.500000,0012,0.531723,0012_c2s1_0007.png,0011,0.493680,0011_c1s1_0001.png,0023,0.473474,0023_c1s1_0001.png,0018,0.298352,0018_c1s1_0002.png,0024,0.244899,0024_c2s1_0006.png,0023,0.335277,0023,0011,0.267593,0011,0018,0.163387,0018,0020,0.078589,0020,0008,0.059504,0008
0011_c2s1_0006.png,0011,c2,0.0,0.207692,0.0,0.333333,0023,0.447395,0023_c1s1_0001.png,0012,0.430270,0012_c2s1_0007.png,0018,0.382936,0018_c1s1_0001.png,0011,0.377263,0011_c1s1_0001.png,0008,0.359806,0008_c1s1_0001.jpg,0018,0.327632,0018,0023,0.326990,0023,0011,0.314090,0011,0008,0.276396,0008,0017,0.209270,0017
0011_c2s1_0008.png,0011,c2,0.0,0.198565,0.0,0.500000,0023,0.484853,0023_c1s1_0001.png,0012,0.413244,0012_c2s1_0007.png,0018,0.370815,0018_c1s1_0001.png,0011,0.345086,0011_c1s1_0001.png,0008,0.341900,0008_c1s1_0001.jpg,0023,0.359560,0023,0011,0.310221,0011,0018,0.289266,0018,0008,0.252009,0008,0020,0.217234,0020
0011_c2s1_0012.png,0011,c2,0.0,0.133565,0.0,0.250000,0023,0.407676,0023_c1s1_0001.png,0012,0.322500,0012_c2s1_0007.png,0018,0.307549,0018_c1s1_0001.png,0008,0.264104,0008_c1s1_0001.jpg,0011,0.261927,0011_c1s1_0001.png,0023,0.295914,0023,0018,0.211603,0018,0008,0.184305,0008,0011,0.168706,0011,0020,0.158401,0020
0011_c2s1_0013.png,0011,c2,0.0,0.316621,0.0,0.333333,0012,0.337302,0012_c2s1_0007.png,0011,0.270661,0011_c1s1_0001.png,0023,0.218124,0023_c1s1_0001.png,0008,0.077124,0008_c1s1_0001.jpg,0018,0.062174,0018_c1s1_0002.png,0023,0.071531,0023,0008,0.025219,0008,0011,0.007843,0011,0018,-0.034209,0018,0020,-0.066250,0020
0011_c2s1_0014.png,0011,c2,0.0,0.117133,0.0,0.200000,0023,0.403078,0023_c1s1_0002.png,0012,0.394258,0012_c2s1_0007.png,0018,0.294878,0018_c1s1_0001.png,0011,0.261077,0011_c1s1_0001.png,0020,0.244261,0020_c1s1_0002.png,0023,0.311139,0023,0018,0.229330,0018,0020,0.189387,0020,0012,0.165468,0012,0011,0.162705,0011
0011_c2s1_0016.png,0011,c2,0.0,0.242327,0.0,0.500000,0012,0.389744,0012_c2s1_0007.png,0023,0.337891,0023_c1s1_0003.png,0011,0.302006,0011_c1s1_0001.png,0018,0.154783,0018_c1s1_0002.png,0008,0.122042,0008_c1s1_0001.jpg,0023,0.224292,0023,0011,0.117662,0011,0008,0.045114,0008,0018,0.029721,0018,0020,0.005308,0020
0011_c2s1_0018.png,0011,c2,0.0,0.221627,0.0,0.500000,0023,0.532032,0023_c1s1_0001.png,0011,0.512982,0011_c1s1_0001.png,0018,0.509867,0018_c1s1_0002.png,0012,0.503799,0012_c2s1_0007.png,0024,0.462540,0024_c2s1_0006.png,0023,0.477234,0023,0011,0.437565,0011,0018,0.430737,0018,0020,0.420610,0020,0009,0.331841,0009
0011_c2s1_0020.png,0011,c2,1.0,0.775000,1.0,1.000000,0011,0.431539,0011_c1s1_0001.png,0023,0.387887,0023_c1s1_0001.png,0008,0.380718,0008_c1s1_0001.jpg,0018,0.364065,0018_c1s1_0001.png,0012,0.353555,0012_c2s1_0007.png,0011,0.362265,0011,0018,0.321113,0018,0023,0.300395,0023,0008,0.295637,0008,0020,0.277644,0020
0011_c2s1_0022.png,0011,c2,0.0,0.198565,0.0,0.500000,0023,0.409371,0023_c1s1_0001.png,0012,0.397966,0012_c2s1_0007.png,0008,0.319547,0008_c1s1_0001.jpg,0011,0.301512,0011_c1s1_0001.png,0018,0.293362,0018_c1s1_0001.png,0023,0.304704,0023,0011,0.271185,0011,0008,0.224656,0008,0018,0.219132,0018,0009,0.144820,0009
0012_c1s1_0004.png,0012,c1,0.0,0.131990,0.0,0.100000,0023,0.422460,0023_c1s1_0002.png,0012,0.380255,0012_c2s1_0007.png,0011,0.324176,0011_c1s1_0001.png,0018,0.255924,0018_c1s1_0002.png,0008,0.223919,0008_c1s1_0001.jpg,0023,0.292728,0023,0008,0.170621,0008,0018,0.168816,0018,0011,0.144500,0011,0020,0.144132,0020
0012_c1s1_0007.png,0012,c1,1.0,0.293969,0.0,0.100000,0012,0.423569,0012_c2s1_0007.png,0011,0.374813,0011_c1s1_0001.png,0023,0.346638,0023_c1s1_0002.png,0018,0.192181,0018_c1s1_0002.png,0024,0.139842,0024_c2s1_0006.png,0023,0.218044,0023,0018,0.091963,0018,0011,0.067582,0011,0008,0.065996,0008,0020,0.019842,0020
0012_c1s1_0012.png,0012,c1,0.0,0.056311,0.0,0.090909,0018,0.531938,0018_c1s1_0001.png,0020,0.529912,0020_c2s1_0009.jpg,0024,0.520095,0024_c2s1_0006.png,0005,0.469350,0005_c1s1_0002.png,0023,0.450959,0023_c1s1_0001.png,0020,0.522355,0020,0018,0.501852,0018,0011,0.442366,0011,0024,0.434624,0024,0023,0.431174,0023
0012_c1s1_0031.png,0012,c1,1.0,0.255879,0.0,0.125000,0012,0.326180,0012_c2s1_0007.png,0023,0.316486,0023_c1s1_0002.png,0011,0.292412,0011_c1s1_0001.png,0018,0.190348,0018_c1s1_0001.png,0024,0.156150,0024_c2s1_0006.png,0023,0.175864,0023,0018,0.098117,0018,0020,0.067019,0020,0008,0.064269,0008,0011,0.041678,0011
0012_c1s1_0036.png,0012,c1,0.0,0.089223,0.0,0.111111,0023,0.567465,0023_c1s1_0005.png,0020,0.516748,0020_c2s1_0009.jpg,0011,0.498026,0011_c1s1_0002.png,0018,0.494533,0018_c1s1_0002.png,0024,0.493159,0024_c2s1_0006.png,0023,0.536362,0023,0020,0.498531,0020,0011,0.474157,0011,0018,0.411921,0018,0009,0.400872,0009
0012_c1s1_0037.png,0012,c1,0.0,0.029734,0.0,0.055556,0005,0.644580,0005_c1s1_0005.png,0017,0.634766,0017_c1s1_0004.png,0008,0.622978,0008_c2s1_0007.png,0007,0.611580,0007_c2s1_0007.png,0024,0.566105,0024_c2s1_0007.png,0005,0.611927,0005,0017,0.610172,0017,0007,0.603462,0007,0008,0.591322,0008,0018,0.560063,0018
0012_c1s1_0038.png,0012,c1,0.0,0.086054,0.0,0.090909,0023,0.479172,0023_c1s1_0002.png,0011,0.467547,0011_c1s1_0001.png,0024,0.434303,0024_c2s1_0006.png,0020,0.430384,0020_c2s1_0009.jpg,0012,0.428522,0012_c2s1_0007.png,0023,0.423666,0023,0020,0.396134,0020,0018,0.370096,0018,0011,0.332905,0011,0005,0.269655,0005
0012_c2s1_0001.png,0012,c2,0.0,0.190625,0.0,0.125000,0023,0.398469,0023_c1s1_0001.png,0012,0.382669,0012_c2s1_0007.png,0018,0.369515,0018_c1s1_0001.png,0011,0.356128,0011_c1s1_0001.png,0024,0.342560,0024_c2s1_0006.png,0023,0.332648,0023,0018,0.304973,0018,0020,0.261761,0020,0005,0.236350,0005,0011,0.235147,0011
0012_c2s1_0002.png,0012,c2,0.0,0.092824,0.0,0.083333,0011,0.541154,0011_c1s1_0001.png,0023,0.487513,0023_c1s1_0001.png,0012,0.481314,0012_c2s1_0007.png,0018,0.468589,0018_c1s1_0002.png,0020,0.464689,0020_c2s1_0009.jpg,0011,0.502396,0011,0023,0.451752,0023,0020,0.418548,0020,0018,0.385044,0018,0009,0.344661,0009
0012_c2s1_0003.png,0012,c2,0.0,0.028182,0.0,0.052632,0024,0.654876,0024_c2s1_0007.png,0008,0.650123,0008_c2s1_0008.jpg,0005,0.649144,0005_c1s1_0005.png,0018,0.637042,0018_c1s1_0001.png,0017,0.637037,0017_c1s1_0004.png,0018,0.636822,0018,0017,0.625970,0017,0005,0.613496,0005,0008,0.608675,0008,0007,0.578671,0007
0012_c2s1_0005.png,0012,c2,0.0,0.044900,0.0,0.066667,0020,0.512083,0020_c2s1_0009.jpg,0023,0.473039,0023_c1s1_0001.png,0008,0.441615,0008_c1s1_0001.jpg,0018,0.438631,0018_c1s1_0001.png,0024,0.436964,0024_c2s1_0007.png,0020,0.466165,0020,0011,0.433255,0011,0018,0.403456,0018,0023,0.398080,0023,0008,0.367945,0008
0012_c2s1_0008.png,0012,c2,0.0,0.196454,0.0,0.090909,0011,0.347257,0011_c1s1_0001.png,0012,0.316037,0012_c2s1_0007.png,0023,0.303840,0023_c1s1_0001.png,0008,0.217308,0008_c1s1_0001.jpg,0018,0.194927,0018_c1s1_0001.png,0023,0.199765,0023,0008,0.183775,0008,0018,0.136751,0018,0011,0.121101,0011,0020,0.098036,0020
0012_c2s1_0009.png,0012,c2,0.0,0.030118,0.0,0.052632,0020,0.579498,0020_c2s1_0009.jpg,0024,0.552862,0024_c2s1_0007.png,0011,0.543112,0011_c2s1_0006.png,0008,0.542261,0008_c1s1_0001.jpg,0005,0.513521,0005_c1s1_0002.png,0011,0.543112,0011,0020,0.538550,0020,0018,0.496627,0018,0017,0.489759,0017,0008,0.488762,0008
0012_c2s1_0010.png,0012,c2,0.0,0.027591,0.0,0.052632,0017,0.779003,0017_c1s1_0005.png,0008,0.777218,0008_c2s1_0010.jpg,0007,0.725645,0007_c1s1_0001.png,0019,0.724074,0019_c1s1_0002.png,0015,0.715127,0015_c2s1_0006.png,0017,0.770636,0017,0007,0.744786,0007,0008,0.715147,0008,0013,0.701765,0013,0019,0.698989,0019
0012_c2s1_0013.png,0012,c2,1.0,0.282387,0.0,0.125000,0012,0.376851,0012_c2s1_0007.png,0011,0.375361,0011_c1s1_0001.png,0023,0.345106,0023_c1s1_0001.png,0018,0.280035,0018_c1s1_0001.png,0024,0.267379,0024_c2s1_0006.png,0023,0.255916,0023,0018,0.219259,0018,0008,0.198880,0008,0011,0.195436,0011,0020,0.172971,0020
0012_c2s1_0014.png,0012,c2,1.0,0.376380,0.0,0.200000,0012,0.368004,0012_c2s1_0007.png,0023,0.320509,0023_c1s1_0001.png,0011,0.307732,0011_c1s1_0001.png,0018,0.285605,0018_c1s1_0001.png,0024,0.244955,0024_c2s1_0007.png,0023,0.234701,0023,0018,0.224328,0018,0008,0.205203,0008,0011,0.152867,0011,0012,0.130194,0012
0012_c2s1_0015.png,0012,c2,0.0,0.082323,0.0,0.062500,0011,0.401647,0011_c1s1_0001.png,0008,0.400985,0008_c1s1_0001.jpg,0023,0.379036,0023_c1s1_0001.png,0018,0.350227,0018_c1s1_0001.png,0012,0.350136,0012_c2s1_0007.png,0011,0.349854,0011,0008,0.326626,0008,0018,0.302847,0018,0023,0.287930,0023,0017,0.283107,0017
0012_c2s1_0017.png,0012,c2,0.0,0.043044,0.0,0.076923,0024,0.543267,0024_c2s1_0007.png,0020,0.541688,0020_c1s1_0003.png,0008,0.475459,0008_c2s1_0006.jpg,0018,0.471000,0018_c1s1_0001.png,0005,0.455450,0005_c2s1_0007.jpg,0020,0.476514,0020,0024,0.473629,0024,0018,0.468579,0018,0008,0.443431,0008,0011,0.437397,0011
0012_c2s1_0018.png,0012,c2,0.0,0.027776,0.0,0.052632,0020,0.549220,0020_c2s1_0009.jpg,0008,0.516868,0008_c2s1_0006.jpg,0011,0.510676,0011_c2s1_0006.png,0017,0.508658,0017_c2s1_0006.jpg,0019,0.505016,0019_c2s1_0010.jpg,0020,0.518453,0020,0011,0.510676,0011,0019,0.484383,0019,0017,0.451551,0017,0003,0.444115,0003
0012_c2s1_0019.png,0012,c2,0.0,0.031682,0.0,0.047619,0024,0.541492,0024_c2s1_0007.png,0018,0.537428,0018_c1s1_0001.png,0020,0.522905,0020_c2s1_0009.jpg,0011,0.522475,0011_c1s1_0002.png,0008,0.509826,0008_c1s1_0001.jpg,0018,0.508560,0018,0020,0.499445,0020,0008,0.490899,0008,0005,0.467865,0005,0024,0.459825,0024
0012_c2s1_0020.png,0012,c2,0.0,0.218805,0.0,0.090909,0011,0.374166,0011_c1s1_0001.png,0012,0.340834,0012_c2s1_0007.png,0023,0.287345,0023_c1s1_0002.png,0018,0.164049,0018_c1s1_0002.png,0024,0.152467,0024_c2s1_0006.png,0023,0.176590,0023,0008,0.085748,0008,0018,0.068769,0018,0011,0.053112,0011,0020,0.039512,0020
0012_c2s1_0021.png,0012,c2,0.0,0.032132,0.0,0.052632,0018,0.622895,0018_c1s1_0001.png,0024,0.598482,0024_c2s1_0007.png,0020,0.550847,0020_c2s1_0010.jpg,0008,0.541002,0008_c1s1_0001.jpg,0005,0.534524,0005_c1s1_0005.png,0018,0.582290,0018,0020,0.529111,0020,0008,0.514554,0008,0005,0.508378,0005,0017,0.506197,0017
0012_c2s1_0022.png,0012,c2,0.0,0.048581,0.0,0.071429,0020,0.464504,0020_c2s1_0010.jpg,0018,0.456589,0018_c1s1_0001.png,0024,0.455787,0024_c2s1_0007.png,0023,0.455118,0023_c1s1_0001.png,0008,0.394342,0008_c2s1_0006.jpg,0020,0.435736,0020,0018,0.415615,0018,0023,0.379087,0023,0011,0.353500,0011,0017,0.337128,0017
0012_c2s1_0023.png,0012,c2,1.0,0.275312,0.0,0.142857,0012,0.351308,0012_c2s1_0007.png,0023,0.319476,0023_c1s1_0001.png,0011,0.308778,0011_c1s1_0001.png,0018,0.289316,0018_c1s1_0001.png,0024,0.270693,0024_c2s1_0007.png,0023,0.244790,0023,0018,0.238024,0018,0008,0.220046,0008,0020,0.171980,0020,0005,0.168832,0005
0012_c2s1_0024.png,0012,c2,0.0,0.061100,0.0,0.090909,0018,0.445644,0018_c1s1_0001.png,0020,0.444711,0020_c2s1_0009.jpg,0024,0.420767,0024_c2s1_0007.png,0023,0.415087,0023_c1s1_0001.png,0005,0.412830,0005_c1s1_0005.png,0020,0.437758,0020,0018,0.391978,0018,0005,0.373789,0005,0023,0.355446,0023,0024,0.344081,0024
0012_c2s1_0025.png,0012,c2,0.0,0.030547,0.0,0.052632,0020,0.594100,0020_c2s1_0009.jpg,0024,0.532400,0024_c2s1_0007.png,0008,0.529398,0008_c2s1_0006.jpg,0011,0.506428,0011_c2s1_0006.png,0005,0.490379,0005_c1s1_0002.png,0020,0.571976,0020,0011,0.506428,0011,0018,0.465239,0018,0008,0.465119,0008,0024,0.462895,0024
0012_c2s1_0026.png,0012,c2,0.0,0.214113,0.0,0.083333,0011,0.393195,0011_c1s1_0001.png,0012,0.362442,0012_c2s1_0007.png,0023,0.222189,0023_c1s1_0002.png,0024,0.136883,0024_c2s1_0006.png,0018,0.130428,0018_c1s1_0002.png,0023,0.120758,0023,0018,0.040733,0018,0008,0.032958,0008,0011,0.019638,0011,0020,-0.033534,0020
0012_c2s1_0027.png,0012,c2,0.0,0.029077,0.0,0.055556,0017,0.724510,0017_c1s1_0004.png,0008,0.721383,0008_c2s1_0010.jpg,0007,0.699106,0007_c2s1_0007.png,0019,0.660116,0019_c1s1_0002.png,0005,0.658695,0005_c1s1_0005.png,0017,0.708981,0017,0007,0.699571,0007,0008,0.683431,0008,0013,0.647809,0013,0005,0.625067,0005
0012_c2s1_0028.png,0012,c2,1.0,0.264860,0.0,0.076923,0012,0.371073,0012_c2s1_0007.png,0011,0.357436,0011_c1s1_0001.png,0023,0.320103,0023_c1s1_0002.png,0018,0.167918,0018_c1s1_0002.png,0024,0.146077,0024_c2s1_0006.png,0023,0.184911,0023,0011,0.075524,0011,0018,0.062492,0018,0008,0.039843,0008,0020,0.004165,0020
0012_c2s1_0029.png,0012,c2,0.0,0.028450,0.0,0.055556,0008,0.746313,0008_c2s1_0006.jpg,0017,0.745647,0017_c1s1_0005.png,0007,0.699330,0007_c2s1_0007.png,0019,0.684954,0019_c1s1_0002.png,0013,0.675962,0013_c2s1_0010.jpg,0017,0.738853,0017,0007,0.708194,0007,0008,0.691659,0008,0013,0.670000,0013,0019,0.660747,0019
0012_c2s1_0030.png,0012,c2,0.0,0.061402,0.0,0.083333,0023,0.523455,0023_c1s1_0001.png,0018,0.483564,0018_c1s1_0001.png,0020,0.476760,0020_c2s1_0009.jpg,0024,0.474963,0024_c2s1_0006.png,0005,0.474458,0005_c1s1_0002.png,0023,0.504671,0023,0018,0.472520,0018,0011,0.465867,0011,0020,0.456639,0020,0005,0.377952,0005
0012_c2s1_0032.png,0012,c2,0.0,0.100954,0.0,0.111111,0011,0.427818,0011_c1s1_0001.png,0023,0.419360,0023_c1s1_0001.png,0018,0.401291,0018_c1s1_0001.png,0024,0.392035,0024_c2s1_0006.png,0012,0.388813,0012_c2s1_0007.png,0020,0.369855,0020,0023,0.365964,0023,0018,0.345892,0018,0011,0.313778,0011,0024,0.288100,0024
0012_c2s1_0034.png,0012,c2,0.0,0.066904,0.0,0.083333,0020,0.458747,0020_c2s1_0009.jpg,0024,0.458009,0024_c2s1_0006.png,0011,0.451879,0011_c1s1_0001.png,0018,0.448348,0018_c1s1_0001.png,0023,0.411404,0023_c1s1_0001.png,0020,0.442143,0020,0018,0.426525,0018,0011,0.389280,0011,0023,0.380581,0023,0005,0.371116,0005
0012_c2s1_0035.png,0012,c2,0.0,0.077979,0.0,0.055556,0011,0.537909,0011_c1s1_0001.png,0018,0.442709,0018_c1s1_0001.png,0023,0.436006,0023_c1s1_0001.png,0008,0.432687,0008_c1s1_0001.jpg,0012,0.417040,0012_c2s1_0007.png,0018,0.381151,0018,0011,0.380442,0011,0008,0.374377,0008,0020,0.339730,0020,0023,0.324150,0023
0012_c2s1_0039.png,0012,c2,0.0,0.121306,0.0,0.076923,0011,0.474949,0011_c1s1_0001.png,0023,0.440059,0023_c1s1_0001.png,0012,0.434713,0012_c2s1_0007.png,0018,0.343836,0018_c1s1_0002.png,0020,0.335867,0020_c2s1_0009.jpg,0023,0.371769,0023,0011,0.358494,0011,0020,0.270829,0020,0018,0.251073,0018,0008,0.216694,0008
0012_c2s1_0040.png,0012,c2,0.0,0.040417,0.0,0.066667,0020,0.563324,0020_c2s1_0009.jpg,0011,0.544338,0011_c2s1_0006.png,0023,0.540598,0023_c1s1_0001.png,0024,0.540569,0024_c2s1_0007.png,0018,0.514362,0018_c1s1_0002.png,0011,0.544339,0011,0020,0.541102,0020,0023,0.531002,0023,0018,0.510145,0018,0009,0.440533,0009
